,action_type,activity_comment,activity_id,activity_properties,assay_chembl_id,assay_description,assay_type,assay_variant_accession,assay_variant_mutation,bao_endpoint,bao_format,bao_label,canonical_smiles,data_validity_comment,data_validity_description,document_chembl_id,document_journal,document_year,ligand_efficiency,molecule_chembl_id,molecule_pref_name,parent_molecule_chembl_id,pchembl_value,potential_duplicate,qudt_units,record_id,relation,src_id,standard_flag,standard_relation,standard_text_value,standard_type,standard_units,standard_upper_value,standard_value,target_chembl_id,target_organism,target_pref_name,target_tax_id,text_value,toid,type,units,uo_units,upper_value,value
0,,,106290,[],CHEMBL802689,Compound was tested in vitro for inhibition of MAO by using [14C]5-HT as substrate in rat brain mitochondrial preparation,B,,,BAO_0000190,BAO_0000221,tissue-based format,CC(N)Cc1ccc2c(c1Cl)CCN2,,,CHEMBL1123336,J Med Chem,1986,"{'bei': '31.79', 'le': '0.65', 'lle': '4.50', 'sei': '17.61'}",CHEMBL31059,,CHEMBL31059,6.70,0,http://www.openphacts.org/units/Nanomolar,47116,=,1,1,=,,IC50,nM,,200.0,CHEMBL2095196,Rattus norvegicus,Monoamine oxidase,10116,,,IC50,uM,UO_0000065,,0.2
1,,,106291,[],CHEMBL802688,Compound was tested in vitro for inhibition of MAO by using [14C]phenylethylamine as substrate in rat brain mitochondrial preparation,B,,,BAO_0000190,BAO_0000221,tissue-based format,CC(N)Cc1ccc2c(c1Cl)CCN2,Outside typical range,"Values for this activity type are unusually large/small, so may not be accurate",CHEMBL1123336,J Med Chem,1986,,CHEMBL31059,,CHEMBL31059,,0,http://www.openphacts.org/units/Nanomolar,47116,=,1,1,=,,IC50,nM,,800000.0,CHEMBL2095196,Rattus norvegicus,Monoamine oxidase,10116,,,IC50,uM,UO_0000065,,800.0
2,,,116568,[],CHEMBL802689,Compound was tested in vitro for inhibition of MAO by using [14C]5-HT as substrate in rat brain mitochondrial preparation,B,,,BAO_0000190,BAO_0000221,tissue-based format,CC(C)(N)Cc1ccc2c(c1)CCN2,,,CHEMBL1123336,J Med Chem,1986,"{'bei': '29.18', 'le': '0.54', 'lle': '3.62', 'sei': '14.59'}",CHEMBL280749,,CHEMBL280749,5.55,0,http://www.openphacts.org/units/Nanomolar,47115,=,1,1,=,,IC50,nM,,2800.0,CHEMBL2095196,Rattus norvegicus,Monoamine oxidase,10116,,,IC50,uM,UO_0000065,,2.8
3,,,116569,[],CHEMBL802688,Compound was tested in vitro for inhibition of MAO by using [14C]phenylethylamine as substrate in rat brain mitochondrial preparation,B,,,BAO_0000190,BAO_0000221,tissue-based format,CC(C)(N)Cc1ccc2c(c1)CCN2,Outside typical range,"Values for this activity type are unusually large/small, so may not be accurate",CHEMBL1123336,J Med Chem,1986,,CHEMBL280749,,CHEMBL280749,,0,http://www.openphacts.org/units/Nanomolar,47115,=,1,1,=,,IC50,nM,,2600000.0,CHEMBL2095196,Rattus norvegicus,Monoamine oxidase,10116,,,IC50,uM,UO_0000065,,2600.0
4,,,122730,[],CHEMBL802689,Compound was tested in vitro for inhibition of MAO by using [14C]5-HT as substrate in rat brain mitochondrial preparation,B,,,BAO_0000190,BAO_0000221,tissue-based format,CC(N)Cc1ccc2c(c1)CCN2,,,CHEMBL1123336,J Med Chem,1986,"{'bei': '30.08', 'le': '0.56', 'lle': '3.76', 'sei': '13.93'}",CHEMBL32958,,CHEMBL32958,5.30,0,http://www.openphacts.org/units/Nanomolar,47117,=,1,1,=,,IC50,nM,,5000.0,CHEMBL2095196,Rattus norvegicus,Monoamine oxidase,10116,,,IC50,uM,UO_0000065,,5.0
5,,,122731,[],CHEMBL802688,Compound was tested in vitro for inhibition of MAO by using [14C]phenylethylamine as substrate in rat brain mitochondrial preparation,B,,,BAO_0000190,BAO_0000221,tissue-based format,CC(N)Cc1ccc2c(c1)CCN2,,,CHEMBL1123336,J Med Chem,1986,,CHEMBL32958,,CHEMBL32958,,0,http://www.openphacts.org/units/Nanomolar,47117,>,1,1,>,,IC50,nM,,100000.0,CHEMBL2095196,Rattus norvegicus,Monoamine oxidase,10116,,,IC50,uM,UO_0000065,,100.0
6,,,129121,[],CHEMBL802689,Compound was tested in vitro for inhibition of MAO by using [14C]5-HT as substrate in rat brain mitochondrial preparation,B,,,BAO_0000190,BAO_0000221,tissue-based format,Cc1cc2c(cc1CC(C)N)CCN2,,,CHEMBL1123336,J Med Chem,1986,"{'bei': '25.68', 'le': '0.48', 'lle': '3.04', 'sei': '12.84'}",CHEMBL31081,,CHEMBL31081,4.89,0,http://www.openphacts.org/units/Nanomolar,47119,=,1,1,=,,IC50,nM,,13000.0,CHEMBL2095196,Rattus norvegicus,Monoamine oxidase,10116,,,IC50,uM,UO_0000065,,13.0
7,,,129122,[],CHEMBL802688,Compound was tested in vitro for inhibition of MAO by using [14C]phenylethylamine as substrate in rat brain mitochondrial preparation,B,,,BAO_0000190,BAO_0000221,tissue-based format,Cc1cc2c(cc1CC(C)N)CCN2,Outside typical range,"Values for this activity type are unusually large/small, so may not be accurate",CHEMBL1123336,J Med Chem,1986,,CHEMBL31081,,CHEMBL31081,,0,http://www.openphacts.org/units/Nanomolar,47119,=,1,1,=,,IC50,nM,,170000.0,CHEMBL2095196,Rattus norvegicus,Monoamine oxidase,10116,,,IC50,uM,UO_0000065,,170.0
8,,,130509,[],CHEMBL802689,Compound was tested in vitro for inhibition of MAO by using [14C]5-HT as substrate in rat brain mitochondrial preparation,B,,,BAO_0000190,BAO_0000221,tissue-based format,CCN1CCc2c1ccc(CC(C)N)c2C,,,CHEMBL1123336,J Med Chem,1986,"{'bei': '27.29', 'le': '0.51', 'lle': '3.69', 'sei': '20.36'}",CHEMBL30275,,CHEMBL30275,5.96,0,http://www.openphacts.org/units/Nanomolar,47118,=,1,1,=,,IC50,nM,,1100.0,CHEMBL2095196,Rattus norvegicus,Monoamine oxidase,10116,,,IC50,uM,UO_0000065,,1.1
9,,,130510,[],CHEMBL802688,Compound was tested in vitro for inhibition of MAO by using [14C]phenylethylamine as substrate in rat brain mitochondrial preparation,B,,,BAO_0000190,BAO_0000221,tissue-based format,CCN1CCc2c1ccc(CC(C)N)c2C,Outside typical range,"Values for this activity type are unusually large/small, so may not be accurate",CHEMBL1123336,J Med Chem,1986,,CHEMBL30275,,CHEMBL30275,,0,http://www.openphacts.org/units/Nanomolar,47118,>,1,1,>,,IC50,nM,,500000.0,CHEMBL2095196,Rattus norvegicus,Monoamine oxidase,10116,,,IC50,uM,UO_0000065,,500.0
10,,,133068,[],CHEMBL802689,Compound was tested in vitro for inhibition of MAO by using [14C]5-HT as substrate in rat brain mitochondrial preparation,B,,,BAO_0000190,BAO_0000221,tissue-based format,Cc1cc(N(C)C)ccc1CC(C)N,,,CHEMBL1123336,J Med Chem,1986,"{'bei': '31.70', 'le': '0.59', 'lle': '4.15', 'sei': '20.84'}",CHEMBL30344,AMIFLAMINE,CHEMBL30344,6.10,0,http://www.openphacts.org/units/Nanomolar,47114,=,1,1,=,,IC50,nM,,800.0,CHEMBL2095196,Rattus norvegicus,Monoamine oxidase,10116,,,IC50,uM,UO_0000065,,0.8
11,,,133069,[],CHEMBL802688,Compound was tested in vitro for inhibition of MAO by using [14C]phenylethylamine as substrate in rat brain mitochondrial preparation,B,,,BAO_0000190,BAO_0000221,tissue-based format,Cc1cc(N(C)C)ccc1CC(C)N,Outside typical range,"Values for this activity type are unusually large/small, so may not be accurate",CHEMBL1123336,J Med Chem,1986,,CHEMBL30344,AMIFLAMINE,CHEMBL30344,,0,http://www.openphacts.org/units/Nanomolar,47114,>,1,1,>,,IC50,nM,,1000000.0,CHEMBL2095196,Rattus norvegicus,Monoamine oxidase,10116,,,IC50,uM,UO_0000065,,1000.0
12,,,135475,[],CHEMBL802689,Compound was tested in vitro for inhibition of MAO by using [14C]5-HT as substrate in rat brain mitochondrial preparation,B,,,BAO_0000190,BAO_0000221,tissue-based format,CCC(N)Cc1ccc2c(c1Cl)CCN2,,,CHEMBL1123336,J Med Chem,1986,"{'bei': '27.59', 'le': '0.56', 'lle': '3.61', 'sei': '16.30'}",CHEMBL280619,,CHEMBL280619,6.20,0,http://www.openphacts.org/units/Nanomolar,47113,=,1,1,=,,IC50,nM,,630.0,CHEMBL2095196,Rattus norvegicus,Monoamine oxidase,10116,,,IC50,uM,UO_0000065,,0.63
13,,,135476,[],CHEMBL802688,Compound was tested in vitro for inhibition of MAO by using [14C]phenylethylamine as substrate in rat brain mitochondrial preparation,B,,,BAO_0000190,BAO_0000221,tissue-based format,CCC(N)Cc1ccc2c(c1Cl)CCN2,,,CHEMBL1123336,J Med Chem,1986,"{'bei': '25.98', 'le': '0.53', 'lle': '3.25', 'sei': '15.34'}",CHEMBL280619,,CHEMBL280619,5.84,0,http://www.openphacts.org/units/Nanomolar,47113,=,1,1,=,,IC50,nM,,1450.0,CHEMBL2095196,Rattus norvegicus,Monoamine oxidase,10116,,,IC50,uM,UO_0000065,,1.45
14,,,137832,[],CHEMBL802689,Compound was tested in vitro for inhibition of MAO by using [14C]5-HT as substrate in rat brain mitochondrial preparation,B,,,BAO_0000190,BAO_0000221,tissue-based format,CCN1CCc2cc(CC(C)N)c(C)cc21,,,CHEMBL1123336,J Med Chem,1986,"{'bei': '29.69', 'le': '0.55', 'lle': '4.21', 'sei': '22.15'}",CHEMBL412308,,CHEMBL412308,6.48,0,http://www.openphacts.org/units/Nanomolar,47112,=,1,1,=,,IC50,nM,,330.0,CHEMBL2095196,Rattus norvegicus,Monoamine oxidase,10116,,,IC50,uM,UO_0000065,,0.33
15,,,137833,[],CHEMBL802688,Compound was tested in vitro for inhibition of MAO by using [14C]phenylethylamine as substrate in rat brain mitochondrial preparation,B,,,BAO_0000190,BAO_0000221,tissue-based format,CCN1CCc2cc(CC(C)N)c(C)cc21,,,CHEMBL1123336,J Med Chem,1986,"{'bei': '18.84', 'le': '0.35', 'lle': '1.84', 'sei': '14.06'}",CHEMBL412308,,CHEMBL412308,4.11,0,http://www.openphacts.org/units/Nanomolar,47112,=,1,1,=,,IC50,nM,,77000.0,CHEMBL2095196,Rattus norvegicus,Monoamine oxidase,10116,,,IC50,uM,UO_0000065,,77.0
16,,,141307,[],CHEMBL734658,Compound was tested in vitro for inhibition of Monoamino oxidase by using [14C]5-HT as substrate in rat brain mitochondrial preparation,B,,,BAO_0000190,BAO_0000221,tissue-based format,CCC(N)Cc1ccc2c(c1)CCN2,,,CHEMBL1123336,J Med Chem,1986,"{'bei': '25.51', 'le': '0.47', 'lle': '2.92', 'sei': '12.76'}",CHEMBL31171,,CHEMBL31171,4.85,0,http://www.openphacts.org/units/Nanomolar,47110,=,1,1,=,,IC50,nM,,14000.0,CHEMBL2095196,Rattus norvegicus,Monoamine oxidase,10116,,,IC50,uM,UO_0000065,,14.0
17,,,141308,[],CHEMBL734573,Compound was tested in vitro for inhibition of Monoamino oxidase by using [14C]phenylethylamine as substrate in rat brain mitochondrial preparation,B,,,BAO_0000190,BAO_0000221,tissue-based format,CCC(N)Cc1ccc2c(c1)CCN2,Outside typical range,"Values for this activity type are unusually large/small, so may not be accurate",CHEMBL1123336,J Med Chem,1986,,CHEMBL31171,,CHEMBL31171,,0,http://www.openphacts.org/units/Nanomolar,47110,=,1,1,=,,IC50,nM,,800000.0,CHEMBL2095196,Rattus norvegicus,Monoamine oxidase,10116,,,IC50,uM,UO_0000065,,800.0
18,,,143878,[],CHEMBL802689,Compound was tested in vitro for inhibition of MAO by using [14C]5-HT as substrate in rat brain mitochondrial preparation,B,,,BAO_0000190,BAO_0000221,tissue-based format,Cc1c(CC(C)N)ccc2c1CCN2,,,CHEMBL1123336,J Med Chem,1986,"{'bei': '32.04', 'le': '0.59', 'lle': '4.25', 'sei': '16.02'}",CHEMBL447828,,CHEMBL447828,6.10,0,http://www.openphacts.org/units/Nanomolar,47111,=,1,1,=,,IC50,nM,,800.0,CHEMBL2095196,Rattus norvegicus,Monoamine oxidase,10116,,,IC50,uM,UO_0000065,,0.8
19,,,143879,[],CHEMBL802688,Compound was tested in vitro for inhibition of MAO by using [14C]phenylethylamine as substrate in rat brain mitochondrial preparation,B,,,BAO_0000190,BAO_0000221,tissue-based format,Cc1c(CC(C)N)ccc2c1CCN2,Outside typical range,"Values for this activity type are unusually large/small, so may not be accurate",CHEMBL1123336,J Med Chem,1986,,CHEMBL447828,,CHEMBL447828,,0,http://www.openphacts.org/units/Nanomolar,47111,>,1,1,>,,IC50,nM,,500000.0,CHEMBL2095196,Rattus norvegicus,Monoamine oxidase,10116,,,IC50,uM,UO_0000065,,500.0
20,,,146962,[],CHEMBL731858,Compound was evaluated for the inhibition of deamination of dopamine (DA) by Monoamine oxidase at 5 x 10e-4 M,B,,,BAO_0000190,BAO_0000224,protein format,C#CCN(C)C(C)C.Cl,,,CHEMBL1126309,J Med Chem,1992,"{'bei': '40.95', 'le': '0.78', 'lle': '3.59', 'sei': '140.52'}",CHEMBL543649,,CHEMBL1192419,4.55,0,http://www.openphacts.org/units/Nanomolar,233281,=,1,1,=,,IC50,nM,,28000.0,CHEMBL2095196,Rattus norvegicus,Monoamine oxidase,10116,,,IC50,M,UO_0000065,,0.000028
21,,Not Active,150513,[],CHEMBL731857,Compound was evaluated for the inhibition of deamination of dopamine (DA) by MAO at 5 x 10e-4 M; IA=inactive,B,,,BAO_0000190,BAO_0000224,protein format,C#CCN(C)CCCCC(=O)OCC.O=C(O)C(=O)O,,,CHEMBL1126309,J Med Chem,1992,,CHEMBL120929,,CHEMBL1180304,,0,http://www.openphacts.org/units/Nanomolar,233273,,1,0,,,IC50,nM,,,CHEMBL2095196,Rattus norvegicus,Monoamine oxidase,10116,,,IC50,M,UO_0000065,,
22,,Not Active,156625,[],CHEMBL731859,Compound was evaluated for the inhibition of deamination of dopamine (DA) by Monoamine oxidase at 5 x 10e-4 M; IA=inactive,B,,,BAO_0000190,BAO_0000224,protein format,C#CCNC.Cl,,,CHEMBL1126309,J Med Chem,1992,,CHEMBL543411,,CHEMBL1192210,,0,http://www.openphacts.org/units/Nanomolar,233264,,1,0,,,IC50,nM,,,CHEMBL2095196,Rattus norvegicus,Monoamine oxidase,10116,,,IC50,M,UO_0000065,,
23,,,160220,[],CHEMBL879402,Compound was evaluated for the inhibition of deamination of dopamine (DA) by MAO at 5 x 10e-4 M,B,,,BAO_0000190,BAO_0000224,protein format,C#CCN(C)C(C)CC.Cl.O=C(O)C(=O)O,,,CHEMBL1126309,J Med Chem,1992,"{'bei': '50.39', 'le': '0.96', 'lle': '4.96', 'sei': '194.75'}",CHEMBL545755,,CHEMBL1194223,6.31,0,http://www.openphacts.org/units/Nanomolar,233280,=,1,1,=,,IC50,nM,,490.0,CHEMBL2095196,Rattus norvegicus,Monoamine oxidase,10116,,,IC50,M,UO_0000065,,4.9E-7
24,,,161484,[],CHEMBL879402,Compound was evaluated for the inhibition of deamination of dopamine (DA) by MAO at 5 x 10e-4 M,B,,,BAO_0000190,BAO_0000224,protein format,C#CCN(C)C(C)CCC.Cl.O=C(O)C(=O)O,,,CHEMBL1126309,J Med Chem,1992,"{'bei': '37.72', 'le': '0.72', 'lle': '3.51', 'sei': '162.09'}",CHEMBL545754,,CHEMBL1194222,5.25,0,http://www.openphacts.org/units/Nanomolar,233279,=,1,1,=,,IC50,nM,,5600.0,CHEMBL2095196,Rattus norvegicus,Monoamine oxidase,10116,,,IC50,M,UO_0000065,,0.0000056
25,,,164005,[],CHEMBL879402,Compound was evaluated for the inhibition of deamination of dopamine (DA) by MAO at 5 x 10e-4 M,B,,,BAO_0000190,BAO_0000224,protein format,C#CCN(C)C(C)CCCCC.Cl,,,CHEMBL1126309,J Med Chem,1992,"{'bei': '38.82', 'le': '0.74', 'lle': '3.97', 'sei': '200.46'}",CHEMBL541325,,CHEMBL1190652,6.50,0,http://www.openphacts.org/units/Nanomolar,233277,=,1,1,=,,IC50,nM,,320.0,CHEMBL2095196,Rattus norvegicus,Monoamine oxidase,10116,,,IC50,M,UO_0000065,,3.2E-7
26,,Not Active,165060,[],CHEMBL731857,Compound was evaluated for the inhibition of deamination of dopamine (DA) by MAO at 5 x 10e-4 M; IA=inactive,B,,,BAO_0000190,BAO_0000224,protein format,C#CCN(C)C(C)CCC(=O)OCC.Cl,,,CHEMBL1126309,J Med Chem,1992,,CHEMBL544822,,CHEMBL1193420,,0,http://www.openphacts.org/units/Nanomolar,233274,,1,0,,,IC50,nM,,,CHEMBL2095196,Rattus norvegicus,Monoamine oxidase,10116,,,IC50,M,UO_0000065,,
27,,,167633,[],CHEMBL879402,Compound was evaluated for the inhibition of deamination of dopamine (DA) by MAO at 5 x 10e-4 M,B,,,BAO_0000190,BAO_0000224,protein format,C#CCN(C)C(C)CCCCCCCCCC.Cl,,,CHEMBL1126309,J Med Chem,1992,"{'bei': '27.60', 'le': '0.53', 'lle': '2.08', 'sei': '202.25'}",CHEMBL542465,,CHEMBL1191377,6.55,0,http://www.openphacts.org/units/Nanomolar,233269,=,1,1,=,,IC50,nM,,280.0,CHEMBL2095196,Rattus norvegicus,Monoamine oxidase,10116,,,IC50,M,UO_0000065,,2.8E-7
28,,,167643,[],CHEMBL879402,Compound was evaluated for the inhibition of deamination of dopamine (DA) by MAO at 5 x 10e-4 M,B,,,BAO_0000190,BAO_0000224,protein format,C#CCN(C)[C@H](C)Cc1ccccc1,,,CHEMBL1126309,J Med Chem,1992,"{'bei': '34.99', 'le': '0.64', 'lle': '4.37', 'sei': '202.25'}",CHEMBL972,SELEGILINE,CHEMBL972,6.55,0,http://www.openphacts.org/units/Nanomolar,233270,=,1,1,=,,IC50,nM,,280.0,CHEMBL2095196,Rattus norvegicus,Monoamine oxidase,10116,,,IC50,M,UO_0000065,,2.8E-7
29,,,176066,[],CHEMBL879402,Compound was evaluated for the inhibition of deamination of dopamine (DA) by MAO at 5 x 10e-4 M,B,,,BAO_0000190,BAO_0000224,protein format,C#CCN(C)C(C)CCCCCCCC.Cl,,,CHEMBL1126309,J Med Chem,1992,"{'bei': '31.89', 'le': '0.61', 'lle': '2.99', 'sei': '206.10'}",CHEMBL542711,,CHEMBL1191593,6.68,0,http://www.openphacts.org/units/Nanomolar,233276,=,1,1,=,,IC50,nM,,210.0,CHEMBL2095196,Rattus norvegicus,Monoamine oxidase,10116,,,IC50,M,UO_0000065,,2.1E-7
30,,Not Active,179893,[],CHEMBL731857,Compound was evaluated for the inhibition of deamination of dopamine (DA) by MAO at 5 x 10e-4 M; IA=inactive,B,,,BAO_0000190,BAO_0000224,protein format,C#CCN(C)CCC(=O)O.O=C(O)C(=O)O,,,CHEMBL1126309,J Med Chem,1992,,CHEMBL123538,,CHEMBL1180356,,0,http://www.openphacts.org/units/Nanomolar,233275,,1,0,,,IC50,nM,,,CHEMBL2095196,Rattus norvegicus,Monoamine oxidase,10116,,,IC50,M,UO_0000065,,
31,,,633987,[],CHEMBL734659,Inhibitory activity against rat brain mitochondrial Monoamine oxidase,B,,,BAO_0000190,BAO_0000019,assay format,Cl.NCC(=C(Br)Br)c1ccccc1,Outside typical range,"Values for this activity type are unusually large/small, so may not be accurate",CHEMBL1123104,J Med Chem,1985,,CHEMBL544506,,CHEMBL1193144,,0,http://www.openphacts.org/units/Nanomolar,99019,=,1,1,=,,IC50,nM,,500000.0,CHEMBL2095196,Rattus norvegicus,Monoamine oxidase,10116,,,IC50,M,UO_0000065,,0.0005
32,,,635038,[],CHEMBL734659,Inhibitory activity against rat brain mitochondrial Monoamine oxidase,B,,,BAO_0000190,BAO_0000019,assay format,Cl.NC/C(=C/F)c1cccc(C(F)(F)F)c1,,,CHEMBL1123104,J Med Chem,1985,"{'bei': '37.21', 'le': '0.74', 'lle': '5.18', 'sei': '31.34'}",CHEMBL544509,,CHEMBL1193147,8.15,0,http://www.openphacts.org/units/Nanomolar,99015,=,1,1,=,,IC50,nM,,7.0,CHEMBL2095196,Rattus norvegicus,Monoamine oxidase,10116,,,IC50,M,UO_0000065,,7E-9
33,,,635040,[],CHEMBL734659,Inhibitory activity against rat brain mitochondrial Monoamine oxidase,B,,,BAO_0000190,BAO_0000019,assay format,Cl.NC/C(=C/F)c1ccc(O)c(O)c1,,,CHEMBL1123104,J Med Chem,1985,"{'bei': '38.21', 'le': '0.74', 'lle': '5.63', 'sei': '10.53'}",CHEMBL553995,,CHEMBL1195177,7.00,0,http://www.openphacts.org/units/Nanomolar,99014,=,1,1,=,,IC50,nM,,100.0,CHEMBL2095196,Rattus norvegicus,Monoamine oxidase,10116,,,IC50,M,UO_0000065,,1E-7
34,,,636236,[],CHEMBL734659,Inhibitory activity against rat brain mitochondrial Monoamine oxidase,B,,,BAO_0000190,BAO_0000019,assay format,Cl.NC/C(=C/Br)c1ccccc1,,,CHEMBL1123104,J Med Chem,1985,"{'bei': '20.74', 'le': '0.55', 'lle': '2.02', 'sei': '16.90'}",CHEMBL555774,,CHEMBL1196013,4.40,0,http://www.openphacts.org/units/Nanomolar,99017,=,1,1,=,,IC50,nM,,40000.0,CHEMBL2095196,Rattus norvegicus,Monoamine oxidase,10116,,,IC50,M,UO_0000065,,0.00004
35,,,636328,[],CHEMBL734659,Inhibitory activity against rat brain mitochondrial Monoamine oxidase,B,,,BAO_0000190,BAO_0000019,assay format,COc1ccc(/C(=C\F)CN)cc1.Cl,,,CHEMBL1123104,J Med Chem,1985,"{'bei': '39.85', 'le': '0.76', 'lle': '5.26', 'sei': '20.49'}",CHEMBL543328,,CHEMBL1192143,7.22,0,http://www.openphacts.org/units/Nanomolar,99027,=,1,1,=,,IC50,nM,,60.0,CHEMBL2095196,Rattus norvegicus,Monoamine oxidase,10116,,,IC50,M,UO_0000065,,6E-8
36,,,638771,[],CHEMBL734659,Inhibitory activity against rat brain mitochondrial Monoamine oxidase,B,,,BAO_0000190,BAO_0000019,assay format,Cl.NC/C(=C/Cl)c1ccccc1,,,CHEMBL1123104,J Med Chem,1985,"{'bei': '23.86', 'le': '0.50', 'lle': '1.77', 'sei': '15.37'}",CHEMBL544507,,CHEMBL1193145,4.00,0,http://www.openphacts.org/units/Nanomolar,99022,=,1,1,=,,IC50,nM,,100000.0,CHEMBL2095196,Rattus norvegicus,Monoamine oxidase,10116,,,IC50,M,UO_0000065,,0.0001
37,,,638772,[],CHEMBL734659,Inhibitory activity against rat brain mitochondrial Monoamine oxidase,B,,,BAO_0000190,BAO_0000019,assay format,C#CCN(C)[C@H](C)Cc1ccccc1,,,CHEMBL1123104,J Med Chem,1985,"{'bei': '40.59', 'le': '0.74', 'lle': '5.42', 'sei': '234.63'}",CHEMBL972,SELEGILINE,CHEMBL972,7.60,0,http://www.openphacts.org/units/Nanomolar,99011,=,1,1,=,,IC50,nM,,25.0,CHEMBL2095196,Rattus norvegicus,Monoamine oxidase,10116,,,IC50,M,UO_0000065,,2.5E-8
38,,,639888,[],CHEMBL734659,Inhibitory activity against rat brain mitochondrial Monoamine oxidase,B,,,BAO_0000190,BAO_0000019,assay format,Cl.NC/C(=C/F)c1ccc(Cl)cc1,,,CHEMBL1123104,J Med Chem,1985,"{'bei': '41.47', 'le': '0.88', 'lle': '5.09', 'sei': '29.59'}",CHEMBL541803,,CHEMBL1190876,7.70,0,http://www.openphacts.org/units/Nanomolar,99020,=,1,1,=,,IC50,nM,,20.0,CHEMBL2095196,Rattus norvegicus,Monoamine oxidase,10116,,,IC50,M,UO_0000065,,2E-8
39,,,639980,[],CHEMBL734659,Inhibitory activity against rat brain mitochondrial Monoamine oxidase,B,,,BAO_0000190,BAO_0000019,assay format,Cl.NC/C(=C/F)c1cccc(O)c1,,,CHEMBL1123104,J Med Chem,1985,"{'bei': '43.67', 'le': '0.83', 'lle': '5.64', 'sei': '15.79'}",CHEMBL538992,,CHEMBL1189550,7.30,0,http://www.openphacts.org/units/Nanomolar,99025,=,1,1,=,,IC50,nM,,50.0,CHEMBL2095196,Rattus norvegicus,Monoamine oxidase,10116,,,IC50,M,UO_0000065,,5E-8
40,,,642542,[],CHEMBL734659,Inhibitory activity against rat brain mitochondrial Monoamine oxidase,B,,,BAO_0000190,BAO_0000019,assay format,Cl.NC/C(=C\Cl)c1ccccc1,Outside typical range,"Values for this activity type are unusually large/small, so may not be accurate",CHEMBL1123104,J Med Chem,1985,,CHEMBL544742,,CHEMBL1193352,,0,http://www.openphacts.org/units/Nanomolar,99012,=,1,1,=,,IC50,nM,,500000.0,CHEMBL2095196,Rattus norvegicus,Monoamine oxidase,10116,,,IC50,M,UO_0000065,,0.0005
41,,,643839,[],CHEMBL734659,Inhibitory activity against rat brain mitochondrial Monoamine oxidase,B,,,BAO_0000190,BAO_0000019,assay format,COc1ccccc1/C(=C\F)CN.Cl,,,CHEMBL1123104,J Med Chem,1985,"{'bei': '30.91', 'le': '0.59', 'lle': '3.64', 'sei': '15.89'}",CHEMBL538744,,CHEMBL1189426,5.60,0,http://www.openphacts.org/units/Nanomolar,99028,=,1,1,=,,IC50,nM,,2500.0,CHEMBL2095196,Rattus norvegicus,Monoamine oxidase,10116,,,IC50,M,UO_0000065,,0.0000025
42,,,647213,[],CHEMBL734659,Inhibitory activity against rat brain mitochondrial Monoamine oxidase,B,,,BAO_0000190,BAO_0000019,assay format,C=C(CN)c1ccccc1.Cl,Outside typical range,"Values for this activity type are unusually large/small, so may not be accurate",CHEMBL1123104,J Med Chem,1985,,CHEMBL544745,,CHEMBL89394,,0,http://www.openphacts.org/units/Nanomolar,99010,=,1,1,=,,IC50,nM,,400000.0,CHEMBL2095196,Rattus norvegicus,Monoamine oxidase,10116,,,IC50,M,UO_0000065,,0.0004
43,,,648515,[],CHEMBL734659,Inhibitory activity against rat brain mitochondrial Monoamine oxidase,B,,,BAO_0000190,BAO_0000019,assay format,Cc1ccc(/C(=C\F)CN)cc1.Cl,,,CHEMBL1123104,J Med Chem,1985,"{'bei': '48.42', 'le': '0.91', 'lle': '5.74', 'sei': '30.75'}",CHEMBL555332,,CHEMBL1195784,8.00,0,http://www.openphacts.org/units/Nanomolar,99016,=,1,1,=,,IC50,nM,,10.0,CHEMBL2095196,Rattus norvegicus,Monoamine oxidase,10116,,,IC50,M,UO_0000065,,1E-8
44,,,648517,[],CHEMBL734659,Inhibitory activity against rat brain mitochondrial Monoamine oxidase,B,,,BAO_0000190,BAO_0000019,assay format,Cl.NC/C(=C\F)c1ccccc1,,,CHEMBL1123104,J Med Chem,1985,"{'bei': '45.14', 'le': '0.85', 'lle': '4.86', 'sei': '26.23'}",CHEMBL545677,,CHEMBL1194153,6.82,0,http://www.openphacts.org/units/Nanomolar,99013,=,1,1,=,,IC50,nM,,150.0,CHEMBL2095196,Rattus norvegicus,Monoamine oxidase,10116,,,IC50,M,UO_0000065,,1.5E-7
45,,,658065,[],CHEMBL734659,Inhibitory activity against rat brain mitochondrial Monoamine oxidase,B,,,BAO_0000190,BAO_0000019,assay format,COc1ccc(/C(=C\F)CN)cc1OC.Cl,,,CHEMBL1123104,J Med Chem,1985,"{'bei': '26.52', 'le': '0.51', 'lle': '3.63', 'sei': '12.59'}",CHEMBL535873,,CHEMBL445285,5.60,0,http://www.openphacts.org/units/Nanomolar,99024,=,1,1,=,,IC50,nM,,2500.0,CHEMBL2095196,Rattus norvegicus,Monoamine oxidase,10116,,,IC50,M,UO_0000065,,0.0000025
46,,,659339,[],CHEMBL734659,Inhibitory activity against rat brain mitochondrial Monoamine oxidase,B,,,BAO_0000190,BAO_0000019,assay format,COc1cccc(/C(=C\F)CN)c1.Cl,,,CHEMBL1123104,J Med Chem,1985,"{'bei': '45.81', 'le': '0.87', 'lle': '6.34', 'sei': '23.55'}",CHEMBL554775,,CHEMBL1195525,8.30,0,http://www.openphacts.org/units/Nanomolar,99029,=,1,1,=,,IC50,nM,,5.0,CHEMBL2095196,Rattus norvegicus,Monoamine oxidase,10116,,,IC50,M,UO_0000065,,5E-9
47,,,660491,[],CHEMBL734659,Inhibitory activity against rat brain mitochondrial Monoamine oxidase,B,,,BAO_0000190,BAO_0000019,assay format,Cl.NCC(=C(F)F)c1ccccc1,,,CHEMBL1123104,J Med Chem,1985,"{'bei': '29.56', 'le': '0.57', 'lle': '2.75', 'sei': '19.22'}",CHEMBL544271,,CHEMBL1192948,5.00,0,http://www.openphacts.org/units/Nanomolar,99018,=,1,1,=,,IC50,nM,,10000.0,CHEMBL2095196,Rattus norvegicus,Monoamine oxidase,10116,,,IC50,M,UO_0000065,,0.00001
48,,,660492,[],CHEMBL734659,Inhibitory activity against rat brain mitochondrial Monoamine oxidase,B,,,BAO_0000190,BAO_0000019,assay format,C=CCN,Outside typical range,"Values for this activity type are unusually large/small, so may not be accurate",CHEMBL1123104,J Med Chem,1985,,CHEMBL57286,ALLYLAMINE,CHEMBL57286,,0,http://www.openphacts.org/units/Nanomolar,99021,=,1,1,=,,IC50,nM,,500000.0,CHEMBL2095196,Rattus norvegicus,Monoamine oxidase,10116,,,IC50,M,UO_0000065,,0.0005
49,,,666778,[],CHEMBL734659,Inhibitory activity against rat brain mitochondrial Monoamine oxidase,B,,,BAO_0000190,BAO_0000019,assay format,C#CCN(C)CCCOc1ccc(Cl)cc1Cl.Cl,,,CHEMBL1123104,J Med Chem,1985,"{'bei': '15.80', 'le': '0.35', 'lle': '0.97', 'sei': '34.49'}",CHEMBL539507,CLORGYLINE HYDROCHLORIDE,CHEMBL8706,4.30,0,http://www.openphacts.org/units/Nanomolar,99026,=,1,1,=,,IC50,nM,,50000.0,CHEMBL2095196,Rattus norvegicus,Monoamine oxidase,10116,,,IC50,M,UO_0000065,,0.00005
50,,,668007,[],CHEMBL734659,Inhibitory activity against rat brain mitochondrial Monoamine oxidase,B,,,BAO_0000190,BAO_0000019,assay format,Cl.NC/C(=C/F)c1ccccc1,,,CHEMBL1123104,J Med Chem,1985,"{'bei': '51.23', 'le': '0.96', 'lle': '5.78', 'sei': '29.76'}",CHEMBL545207,,CHEMBL1193745,7.75,0,http://www.openphacts.org/units/Nanomolar,99023,=,1,1,=,,IC50,nM,,18.0,CHEMBL2095196,Rattus norvegicus,Monoamine oxidase,10116,,,IC50,M,UO_0000065,,1.8E-8
51,,,904263,[],CHEMBL731860,In vitro inhibition of Monoamine oxidase at rat hyphalamic mitochondrial 5-HT by displacing 2.5 uM of [14C]5-HT.,B,,,BAO_0000190,BAO_0000224,protein format,C=C=C(CN)Cc1ccccc1,,,CHEMBL1122244,J Med Chem,1983,"{'bei': '29.51', 'le': '0.53', 'lle': '2.80', 'sei': '18.06'}",CHEMBL8848,,CHEMBL8848,4.70,0,http://www.openphacts.org/units/Nanomolar,4733,=,1,1,=,,IC50,nM,,20000.0,CHEMBL2095196,Rattus norvegicus,Monoamine oxidase,10116,,,IC50,uM,UO_0000065,,20.0
52,,,904264,[],CHEMBL731861,In vitro inhibition of Monoamine oxidase at rat hyphalamic mitochondrial PEA by displacing 2.5 uM of [14C]PEA.,B,,,BAO_0000190,BAO_0000224,protein format,C=C=C(CN)Cc1ccccc1,,,CHEMBL1122244,J Med Chem,1983,"{'bei': '43.04', 'le': '0.78', 'lle': '4.95', 'sei': '26.34'}",CHEMBL8848,,CHEMBL8848,6.85,0,http://www.openphacts.org/units/Nanomolar,4733,=,1,1,=,,IC50,nM,,140.0,CHEMBL2095196,Rattus norvegicus,Monoamine oxidase,10116,,,IC50,uM,UO_0000065,,0.14
53,,,904270,[],CHEMBL731860,In vitro inhibition of Monoamine oxidase at rat hyphalamic mitochondrial 5-HT by displacing 2.5 uM of [14C]5-HT.,B,,,BAO_0000190,BAO_0000224,protein format,C=C=CCN1CCc2ccccc2C1,,,CHEMBL1122244,J Med Chem,1983,"{'bei': '27.82', 'le': '0.50', 'lle': '2.76', 'sei': '159.10'}",CHEMBL8534,,CHEMBL8534,5.16,0,http://www.openphacts.org/units/Nanomolar,4724,=,1,1,=,,IC50,nM,,7000.0,CHEMBL2095196,Rattus norvegicus,Monoamine oxidase,10116,,,IC50,uM,UO_0000065,,7.0
54,,,904271,[],CHEMBL731861,In vitro inhibition of Monoamine oxidase at rat hyphalamic mitochondrial PEA by displacing 2.5 uM of [14C]PEA.,B,,,BAO_0000190,BAO_0000224,protein format,C=C=CCN1CCc2ccccc2C1,,,CHEMBL1122244,J Med Chem,1983,"{'bei': '28.97', 'le': '0.52', 'lle': '2.98', 'sei': '165.63'}",CHEMBL8534,,CHEMBL8534,5.37,0,http://www.openphacts.org/units/Nanomolar,4724,=,1,1,=,,IC50,nM,,4300.0,CHEMBL2095196,Rattus norvegicus,Monoamine oxidase,10116,,,IC50,uM,UO_0000065,,4.3
55,,,904276,[],CHEMBL873949,In vitro Inhibitory activity of Monoamine oxidase at rat hyphalamic mitochondrial 5-HT by displacing 2.5 uM of [14C]5-HT (serotonin),B,,,BAO_0000190,BAO_0000224,protein format,C#CCN(C)CCCOc1ccc(Cl)cc1Cl,,,CHEMBL1122244,J Med Chem,1983,"{'bei': '33.64', 'le': '0.74', 'lle': '5.82', 'sei': '73.42'}",CHEMBL8706,CLORGILINE,CHEMBL8706,9.15,0,http://www.openphacts.org/units/Nanomolar,4730,=,1,1,=,,IC50,nM,,0.7,CHEMBL2095196,Rattus norvegicus,Monoamine oxidase,10116,,,IC50,uM,UO_0000065,,0.0007
56,,,904277,[],CHEMBL731862,In vitro Inhibitory activity of Monoamine oxidase at rat hyphalamic mitochondrial PEA by displacing 2.5 uM of [14C]PEA (phenethylamine),B,,,BAO_0000190,BAO_0000224,protein format,C#CCN(C)CCCOc1ccc(Cl)cc1Cl,,,CHEMBL1122244,J Med Chem,1983,"{'bei': '22.66', 'le': '0.50', 'lle': '2.84', 'sei': '49.46'}",CHEMBL8706,CLORGILINE,CHEMBL8706,6.17,0,http://www.openphacts.org/units/Nanomolar,4730,=,1,1,=,,IC50,nM,,680.0,CHEMBL2095196,Rattus norvegicus,Monoamine oxidase,10116,,,IC50,uM,UO_0000065,,0.68
57,,,909462,[],CHEMBL731860,In vitro inhibition of Monoamine oxidase at rat hyphalamic mitochondrial 5-HT by displacing 2.5 uM of [14C]5-HT.,B,,,BAO_0000190,BAO_0000224,protein format,C=C=CCN(C)Cc1ccccc1,,,CHEMBL1122244,J Med Chem,1983,"{'bei': '29.36', 'le': '0.53', 'lle': '2.63', 'sei': '156.98'}",CHEMBL8695,,CHEMBL8695,5.09,0,http://www.openphacts.org/units/Nanomolar,4720,=,1,1,=,,IC50,nM,,8200.0,CHEMBL2095196,Rattus norvegicus,Monoamine oxidase,10116,,,IC50,uM,UO_0000065,,8.2
58,,,909463,[],CHEMBL731861,In vitro inhibition of Monoamine oxidase at rat hyphalamic mitochondrial PEA by displacing 2.5 uM of [14C]PEA.,B,,,BAO_0000190,BAO_0000224,protein format,C=C=CCN(C)Cc1ccccc1,,,CHEMBL1122244,J Med Chem,1983,"{'bei': '39.07', 'le': '0.71', 'lle': '4.31', 'sei': '208.94'}",CHEMBL8695,,CHEMBL8695,6.77,0,http://www.openphacts.org/units/Nanomolar,4720,=,1,1,=,,IC50,nM,,170.0,CHEMBL2095196,Rattus norvegicus,Monoamine oxidase,10116,,,IC50,uM,UO_0000065,,0.17
59,,,909468,[],CHEMBL731860,In vitro inhibition of Monoamine oxidase at rat hyphalamic mitochondrial 5-HT by displacing 2.5 uM of [14C]5-HT.,B,,,BAO_0000190,BAO_0000224,protein format,C=C=C(CN)Cc1ccc(Cl)cc1,,,CHEMBL1122244,J Med Chem,1983,"{'bei': '34.00', 'le': '0.69', 'lle': '4.04', 'sei': '25.31'}",CHEMBL8877,,CHEMBL8877,6.58,0,http://www.openphacts.org/units/Nanomolar,4734,=,1,1,=,,IC50,nM,,260.0,CHEMBL2095196,Rattus norvegicus,Monoamine oxidase,10116,,,IC50,uM,UO_0000065,,0.26
60,,,909469,[],CHEMBL731861,In vitro inhibition of Monoamine oxidase at rat hyphalamic mitochondrial PEA by displacing 2.5 uM of [14C]PEA.,B,,,BAO_0000190,BAO_0000224,protein format,C=C=C(CN)Cc1ccc(Cl)cc1,,,CHEMBL1122244,J Med Chem,1983,"{'bei': '38.20', 'le': '0.78', 'lle': '4.85', 'sei': '28.43'}",CHEMBL8877,,CHEMBL8877,7.40,0,http://www.openphacts.org/units/Nanomolar,4734,=,1,1,=,,IC50,nM,,40.0,CHEMBL2095196,Rattus norvegicus,Monoamine oxidase,10116,,,IC50,uM,UO_0000065,,0.04
61,,,909473,[],CHEMBL731860,In vitro inhibition of Monoamine oxidase at rat hyphalamic mitochondrial 5-HT by displacing 2.5 uM of [14C]5-HT.,B,,,BAO_0000190,BAO_0000224,protein format,C=C=C(CN)Cc1ccc(OC)cc1,,,CHEMBL1122244,J Med Chem,1983,"{'bei': '32.52', 'le': '0.60', 'lle': '4.24', 'sei': '17.46'}",CHEMBL8974,,CHEMBL8974,6.16,0,http://www.openphacts.org/units/Nanomolar,4735,=,1,1,=,,IC50,nM,,700.0,CHEMBL2095196,Rattus norvegicus,Monoamine oxidase,10116,,,IC50,uM,UO_0000065,,0.7
62,,,909474,[],CHEMBL731861,In vitro inhibition of Monoamine oxidase at rat hyphalamic mitochondrial PEA by displacing 2.5 uM of [14C]PEA.,B,,,BAO_0000190,BAO_0000224,protein format,C=C=C(CN)Cc1ccc(OC)cc1,,,CHEMBL1122244,J Med Chem,1983,"{'bei': '32.95', 'le': '0.61', 'lle': '4.33', 'sei': '17.69'}",CHEMBL8974,,CHEMBL8974,6.24,0,http://www.openphacts.org/units/Nanomolar,4735,=,1,1,=,,IC50,nM,,580.0,CHEMBL2095196,Rattus norvegicus,Monoamine oxidase,10116,,,IC50,uM,UO_0000065,,0.58
63,,,913438,[],CHEMBL731860,In vitro inhibition of Monoamine oxidase at rat hyphalamic mitochondrial 5-HT by displacing 2.5 uM of [14C]5-HT.,B,,,BAO_0000190,BAO_0000224,protein format,C=C=C(CN)c1ccccc1,,,CHEMBL1122244,J Med Chem,1983,"{'bei': '35.42', 'le': '0.64', 'lle': '3.33', 'sei': '19.76'}",CHEMBL8712,,CHEMBL8712,5.14,0,http://www.openphacts.org/units/Nanomolar,4732,=,1,1,=,,IC50,nM,,7200.0,CHEMBL2095196,Rattus norvegicus,Monoamine oxidase,10116,,,IC50,uM,UO_0000065,,7.2
64,,,913439,[],CHEMBL731861,In vitro inhibition of Monoamine oxidase at rat hyphalamic mitochondrial PEA by displacing 2.5 uM of [14C]PEA.,B,,,BAO_0000190,BAO_0000224,protein format,C=C=C(CN)c1ccccc1,,,CHEMBL1122244,J Med Chem,1983,"{'bei': '45.59', 'le': '0.82', 'lle': '4.81', 'sei': '25.44'}",CHEMBL8712,,CHEMBL8712,6.62,0,http://www.openphacts.org/units/Nanomolar,4732,=,1,1,=,,IC50,nM,,240.0,CHEMBL2095196,Rattus norvegicus,Monoamine oxidase,10116,,,IC50,uM,UO_0000065,,0.24
65,,,913444,[],CHEMBL731860,In vitro inhibition of Monoamine oxidase at rat hyphalamic mitochondrial 5-HT by displacing 2.5 uM of [14C]5-HT.,B,,,BAO_0000190,BAO_0000224,protein format,CC=C=CCN(C)Cc1ccccc1.O=C(O)C(=O)O,,,CHEMBL1122244,J Med Chem,1983,"{'bei': '25.47', 'le': '0.47', 'lle': '1.92', 'sei': '147.21'}",CHEMBL2028089,,CHEMBL276375,4.77,0,http://www.openphacts.org/units/Nanomolar,4721,=,1,1,=,,IC50,nM,,17000.0,CHEMBL2095196,Rattus norvegicus,Monoamine oxidase,10116,,,IC50,uM,UO_0000065,,17.0
66,,,913445,[],CHEMBL731861,In vitro inhibition of Monoamine oxidase at rat hyphalamic mitochondrial PEA by displacing 2.5 uM of [14C]PEA.,B,,,BAO_0000190,BAO_0000224,protein format,CC=C=CCN(C)Cc1ccccc1.O=C(O)C(=O)O,,,CHEMBL1122244,J Med Chem,1983,"{'bei': '30.10', 'le': '0.55', 'lle': '2.79', 'sei': '174.02'}",CHEMBL2028089,,CHEMBL276375,5.64,0,http://www.openphacts.org/units/Nanomolar,4721,=,1,1,=,,IC50,nM,,2300.0,CHEMBL2095196,Rattus norvegicus,Monoamine oxidase,10116,,,IC50,uM,UO_0000065,,2.3
67,,,918571,[],CHEMBL731860,In vitro inhibition of Monoamine oxidase at rat hyphalamic mitochondrial 5-HT by displacing 2.5 uM of [14C]5-HT.,B,,,BAO_0000190,BAO_0000224,protein format,C=C=C(Cc1ccccc1)CN(C)C,,,CHEMBL1122244,J Med Chem,1983,"{'bei': '24.57', 'le': '0.45', 'lle': '2.10', 'sei': '142.04'}",CHEMBL8956,,CHEMBL8956,4.60,0,http://www.openphacts.org/units/Nanomolar,4737,=,1,1,=,,IC50,nM,,25000.0,CHEMBL2095196,Rattus norvegicus,Monoamine oxidase,10116,,,IC50,uM,UO_0000065,,25.0
68,,,918572,[],CHEMBL731861,In vitro inhibition of Monoamine oxidase at rat hyphalamic mitochondrial PEA by displacing 2.5 uM of [14C]PEA.,B,,,BAO_0000190,BAO_0000224,protein format,C=C=C(Cc1ccccc1)CN(C)C,,,CHEMBL1122244,J Med Chem,1983,,CHEMBL8956,,CHEMBL8956,,0,http://www.openphacts.org/units/Nanomolar,4737,>,1,1,>,,IC50,nM,,100000.0,CHEMBL2095196,Rattus norvegicus,Monoamine oxidase,10116,,,IC50,uM,UO_0000065,,100.0
69,,,919689,[],CHEMBL731860,In vitro inhibition of Monoamine oxidase at rat hyphalamic mitochondrial 5-HT by displacing 2.5 uM of [14C]5-HT.,B,,,BAO_0000190,BAO_0000224,protein format,C=C=CCNCc1ccccc1,,,CHEMBL1122244,J Med Chem,1983,"{'bei': '36.08', 'le': '0.65', 'lle': '3.62', 'sei': '47.75'}",CHEMBL275108,,CHEMBL275108,5.75,0,http://www.openphacts.org/units/Nanomolar,4728,=,1,1,=,,IC50,nM,,1800.0,CHEMBL2095196,Rattus norvegicus,Monoamine oxidase,10116,,,IC50,uM,UO_0000065,,1.8
70,,,919690,[],CHEMBL731861,In vitro inhibition of Monoamine oxidase at rat hyphalamic mitochondrial PEA by displacing 2.5 uM of [14C]PEA.,B,,,BAO_0000190,BAO_0000224,protein format,C=C=CCNCc1ccccc1,,,CHEMBL1122244,J Med Chem,1983,"{'bei': '42.86', 'le': '0.78', 'lle': '4.70', 'sei': '56.72'}",CHEMBL275108,,CHEMBL275108,6.82,0,http://www.openphacts.org/units/Nanomolar,4728,=,1,1,=,,IC50,nM,,150.0,CHEMBL2095196,Rattus norvegicus,Monoamine oxidase,10116,,,IC50,uM,UO_0000065,,0.15
71,,,919695,[],CHEMBL731860,In vitro inhibition of Monoamine oxidase at rat hyphalamic mitochondrial 5-HT by displacing 2.5 uM of [14C]5-HT.,B,,,BAO_0000190,BAO_0000224,protein format,C=C=CC(C)N(C)Cc1ccccc1,,,CHEMBL1122244,J Med Chem,1983,"{'bei': '23.31', 'le': '0.43', 'lle': '1.52', 'sei': '134.77'}",CHEMBL9064,,CHEMBL9064,4.37,0,http://www.openphacts.org/units/Nanomolar,4723,=,1,1,=,,IC50,nM,,43000.0,CHEMBL2095196,Rattus norvegicus,Monoamine oxidase,10116,,,IC50,uM,UO_0000065,,43.0
72,,,919696,[],CHEMBL731861,In vitro inhibition of Monoamine oxidase at rat hyphalamic mitochondrial PEA by displacing 2.5 uM of [14C]PEA.,B,,,BAO_0000190,BAO_0000224,protein format,C=C=CC(C)N(C)Cc1ccccc1,,,CHEMBL1122244,J Med Chem,1983,,CHEMBL9064,,CHEMBL9064,,0,http://www.openphacts.org/units/Nanomolar,4723,>,1,1,>,,IC50,nM,,100000.0,CHEMBL2095196,Rattus norvegicus,Monoamine oxidase,10116,,,IC50,uM,UO_0000065,,100.0
73,,,929029,[],CHEMBL731860,In vitro inhibition of Monoamine oxidase at rat hyphalamic mitochondrial 5-HT by displacing 2.5 uM of [14C]5-HT.,B,,,BAO_0000190,BAO_0000224,protein format,C=C=CCN(C)C1CCc2ccccc21,,,CHEMBL1122244,J Med Chem,1983,"{'bei': '28.82', 'le': '0.52', 'lle': '2.79', 'sei': '177.31'}",CHEMBL8467,,CHEMBL8467,5.75,0,http://www.openphacts.org/units/Nanomolar,4725,=,1,1,=,,IC50,nM,,1800.0,CHEMBL2095196,Rattus norvegicus,Monoamine oxidase,10116,,,IC50,uM,UO_0000065,,1.8
74,,,929030,[],CHEMBL731861,In vitro inhibition of Monoamine oxidase at rat hyphalamic mitochondrial PEA by displacing 2.5 uM of [14C]PEA.,B,,,BAO_0000190,BAO_0000224,protein format,C=C=CCN(C)C1CCc2ccccc21,,,CHEMBL1122244,J Med Chem,1983,"{'bei': '32.33', 'le': '0.59', 'lle': '3.49', 'sei': '198.88'}",CHEMBL8467,,CHEMBL8467,6.44,0,http://www.openphacts.org/units/Nanomolar,4725,=,1,1,=,,IC50,nM,,360.0,CHEMBL2095196,Rattus norvegicus,Monoamine oxidase,10116,,,IC50,uM,UO_0000065,,0.36
75,,,930288,[],CHEMBL731860,In vitro inhibition of Monoamine oxidase at rat hyphalamic mitochondrial 5-HT by displacing 2.5 uM of [14C]5-HT.,B,,,BAO_0000190,BAO_0000224,protein format,C=C=C(CN)Cc1ccc(C)cc1,,,CHEMBL1122244,J Med Chem,1983,"{'bei': '34.39', 'le': '0.63', 'lle': '3.75', 'sei': '22.90'}",CHEMBL268167,,CHEMBL268167,5.96,0,http://www.openphacts.org/units/Nanomolar,4736,=,1,1,=,,IC50,nM,,1100.0,CHEMBL2095196,Rattus norvegicus,Monoamine oxidase,10116,,,IC50,uM,UO_0000065,,1.1
76,,,930289,[],CHEMBL731861,In vitro inhibition of Monoamine oxidase at rat hyphalamic mitochondrial PEA by displacing 2.5 uM of [14C]PEA.,B,,,BAO_0000190,BAO_0000224,protein format,C=C=C(CN)Cc1ccc(C)cc1,,,CHEMBL1122244,J Med Chem,1983,"{'bei': '37.19', 'le': '0.68', 'lle': '4.23', 'sei': '24.76'}",CHEMBL268167,,CHEMBL268167,6.44,0,http://www.openphacts.org/units/Nanomolar,4736,=,1,1,=,,IC50,nM,,360.0,CHEMBL2095196,Rattus norvegicus,Monoamine oxidase,10116,,,IC50,uM,UO_0000065,,0.36
77,,,930294,[],CHEMBL731860,In vitro inhibition of Monoamine oxidase at rat hyphalamic mitochondrial 5-HT by displacing 2.5 uM of [14C]5-HT.,B,,,BAO_0000190,BAO_0000224,protein format,C=C=CCN(C)C(C)Cc1ccccc1,,,CHEMBL1122244,J Med Chem,1983,"{'bei': '30.29', 'le': '0.56', 'lle': '3.21', 'sei': '188.18'}",CHEMBL269593,,CHEMBL269593,6.10,0,http://www.openphacts.org/units/Nanomolar,4727,=,1,1,=,,IC50,nM,,800.0,CHEMBL2095196,Rattus norvegicus,Monoamine oxidase,10116,,,IC50,uM,UO_0000065,,0.8
78,,,930295,[],CHEMBL731861,In vitro inhibition of Monoamine oxidase at rat hyphalamic mitochondrial PEA by displacing 2.5 uM of [14C]PEA.,B,,,BAO_0000190,BAO_0000224,protein format,C=C=CCN(C)C(C)Cc1ccccc1,,,CHEMBL1122244,J Med Chem,1983,"{'bei': '26.47', 'le': '0.49', 'lle': '2.44', 'sei': '164.44'}",CHEMBL269593,,CHEMBL269593,5.33,0,http://www.openphacts.org/units/Nanomolar,4727,=,1,1,=,,IC50,nM,,4700.0,CHEMBL2095196,Rattus norvegicus,Monoamine oxidase,10116,,,IC50,uM,UO_0000065,,4.7
79,,,930300,[],CHEMBL731860,In vitro inhibition of Monoamine oxidase at rat hyphalamic mitochondrial 5-HT by displacing 2.5 uM of [14C]5-HT.,B,,,BAO_0000190,BAO_0000224,protein format,C=C=CCN(C)CCCOc1ccc(Cl)cc1Cl,,,CHEMBL1122244,J Med Chem,1983,"{'bei': '29.34', 'le': '0.64', 'lle': '4.36', 'sei': '67.35'}",CHEMBL441014,,CHEMBL441014,8.40,0,http://www.openphacts.org/units/Nanomolar,4726,=,1,1,=,,IC50,nM,,4.0,CHEMBL2095196,Rattus norvegicus,Monoamine oxidase,10116,,,IC50,uM,UO_0000065,,0.004
80,,,930301,[],CHEMBL731861,In vitro inhibition of Monoamine oxidase at rat hyphalamic mitochondrial PEA by displacing 2.5 uM of [14C]PEA.,B,,,BAO_0000190,BAO_0000224,protein format,C=C=CCN(C)CCCOc1ccc(Cl)cc1Cl,,,CHEMBL1122244,J Med Chem,1983,"{'bei': '18.65', 'le': '0.40', 'lle': '1.30', 'sei': '42.80'}",CHEMBL441014,,CHEMBL441014,5.34,0,http://www.openphacts.org/units/Nanomolar,4726,=,1,1,=,,IC50,nM,,4600.0,CHEMBL2095196,Rattus norvegicus,Monoamine oxidase,10116,,,IC50,uM,UO_0000065,,4.6
81,,,931579,[],CHEMBL731860,In vitro inhibition of Monoamine oxidase at rat hyphalamic mitochondrial 5-HT by displacing 2.5 uM of [14C]5-HT.,B,,,BAO_0000190,BAO_0000224,protein format,CC=C=CCN(C)Cc1ccccc1,,,CHEMBL1122244,J Med Chem,1983,"{'bei': '24.23', 'le': '0.44', 'lle': '1.69', 'sei': '140.05'}",CHEMBL276375,,CHEMBL276375,4.54,0,http://www.openphacts.org/units/Nanomolar,4738,=,1,1,=,,IC50,nM,,29000.0,CHEMBL2095196,Rattus norvegicus,Monoamine oxidase,10116,,,IC50,uM,UO_0000065,,29.0
82,,,931580,[],CHEMBL731861,In vitro inhibition of Monoamine oxidase at rat hyphalamic mitochondrial PEA by displacing 2.5 uM of [14C]PEA.,B,,,BAO_0000190,BAO_0000224,protein format,CC=C=CCN(C)Cc1ccccc1,,,CHEMBL1122244,J Med Chem,1983,"{'bei': '25.76', 'le': '0.47', 'lle': '1.97', 'sei': '148.89'}",CHEMBL276375,,CHEMBL276375,4.82,0,http://www.openphacts.org/units/Nanomolar,4738,=,1,1,=,,IC50,nM,,15000.0,CHEMBL2095196,Rattus norvegicus,Monoamine oxidase,10116,,,IC50,uM,UO_0000065,,15.0
83,,,933027,[],CHEMBL731860,In vitro inhibition of Monoamine oxidase at rat hyphalamic mitochondrial 5-HT by displacing 2.5 uM of [14C]5-HT.,B,,,BAO_0000190,BAO_0000224,protein format,C=C=C(CNC)Cc1ccccc1,,,CHEMBL1122244,J Med Chem,1983,"{'bei': '30.06', 'le': '0.55', 'lle': '3.05', 'sei': '43.29'}",CHEMBL9068,,CHEMBL9068,5.21,0,http://www.openphacts.org/units/Nanomolar,4729,=,1,1,=,,IC50,nM,,6200.0,CHEMBL2095196,Rattus norvegicus,Monoamine oxidase,10116,,,IC50,uM,UO_0000065,,6.2
84,,,933028,[],CHEMBL731861,In vitro inhibition of Monoamine oxidase at rat hyphalamic mitochondrial PEA by displacing 2.5 uM of [14C]PEA.,B,,,BAO_0000190,BAO_0000224,protein format,C=C=C(CNC)Cc1ccccc1,,,CHEMBL1122244,J Med Chem,1983,"{'bei': '36.69', 'le': '0.67', 'lle': '4.20', 'sei': '52.84'}",CHEMBL9068,,CHEMBL9068,6.36,0,http://www.openphacts.org/units/Nanomolar,4729,=,1,1,=,,IC50,nM,,440.0,CHEMBL2095196,Rattus norvegicus,Monoamine oxidase,10116,,,IC50,uM,UO_0000065,,0.44
85,,,933033,[],CHEMBL731860,In vitro inhibition of Monoamine oxidase at rat hyphalamic mitochondrial 5-HT by displacing 2.5 uM of [14C]5-HT.,B,,,BAO_0000190,BAO_0000224,protein format,C#CCN(C)[C@H](C)Cc1ccccc1,,,CHEMBL1122244,J Med Chem,1983,"{'bei': '33.03', 'le': '0.60', 'lle': '4.01', 'sei': '190.96'}",CHEMBL972,SELEGILINE,CHEMBL972,6.19,0,http://www.openphacts.org/units/Nanomolar,4722,=,1,1,=,,IC50,nM,,650.0,CHEMBL2095196,Rattus norvegicus,Monoamine oxidase,10116,,,IC50,uM,UO_0000065,,0.65
86,,,933034,[],CHEMBL731861,In vitro inhibition of Monoamine oxidase at rat hyphalamic mitochondrial PEA by displacing 2.5 uM of [14C]PEA.,B,,,BAO_0000190,BAO_0000224,protein format,C#CCN(C)[C@H](C)Cc1ccccc1,,,CHEMBL1122244,J Med Chem,1983,"{'bei': '42.11', 'le': '0.77', 'lle': '5.71', 'sei': '243.40'}",CHEMBL972,SELEGILINE,CHEMBL972,7.89,0,http://www.openphacts.org/units/Nanomolar,4722,=,1,1,=,,IC50,nM,,13.0,CHEMBL2095196,Rattus norvegicus,Monoamine oxidase,10116,,,IC50,uM,UO_0000065,,0.013
87,,,933040,[],CHEMBL731860,In vitro inhibition of Monoamine oxidase at rat hyphalamic mitochondrial 5-HT by displacing 2.5 uM of [14C]5-HT.,B,,,BAO_0000190,BAO_0000224,protein format,CC=C=CCN(C)Cc1ccccc1.O=C(O)C(=O)O,,,CHEMBL1122244,J Med Chem,1983,"{'bei': '22.92', 'le': '0.42', 'lle': '1.44', 'sei': '132.48'}",CHEMBL2028089,,CHEMBL276375,4.29,0,http://www.openphacts.org/units/Nanomolar,4731,=,1,1,=,,IC50,nM,,51000.0,CHEMBL2095196,Rattus norvegicus,Monoamine oxidase,10116,,,IC50,uM,UO_0000065,,51.0
88,,,933041,[],CHEMBL731861,In vitro inhibition of Monoamine oxidase at rat hyphalamic mitochondrial PEA by displacing 2.5 uM of [14C]PEA.,B,,,BAO_0000190,BAO_0000224,protein format,CC=C=CCN(C)Cc1ccccc1.O=C(O)C(=O)O,,,CHEMBL1122244,J Med Chem,1983,"{'bei': '22.96', 'le': '0.42', 'lle': '1.45', 'sei': '132.75'}",CHEMBL2028089,,CHEMBL276375,4.30,0,http://www.openphacts.org/units/Nanomolar,4731,=,1,1,=,,IC50,nM,,50000.0,CHEMBL2095196,Rattus norvegicus,Monoamine oxidase,10116,,,IC50,uM,UO_0000065,,50.0
89,,,6170457,[],CHEMBL1769941,Inhibition of rat liver MAO-A/MAO-B after 30 mins by coupled colorimetric method,B,,,BAO_0000190,BAO_0000019,assay format,NNC[C@H](O)c1ccccc1,,,CHEMBL1765009,J Med Chem,2011,"{'bei': '32.88', 'le': '0.62', 'lle': '4.82', 'sei': '8.59'}",CHEMBL1766380,,CHEMBL1766380,5.00,0,http://www.openphacts.org/units/Nanomolar,1417218,=,1,1,=,,IC50,nM,,9900.0,CHEMBL2095196,Rattus norvegicus,Monoamine oxidase,10116,,,IC50,uM,UO_0000065,,9.9
90,,,6170458,[],CHEMBL1769941,Inhibition of rat liver MAO-A/MAO-B after 30 mins by coupled colorimetric method,B,,,BAO_0000190,BAO_0000019,assay format,NNC[C@@H](O)c1ccccc1,,,CHEMBL1765009,J Med Chem,2011,"{'bei': '32.91', 'le': '0.62', 'lle': '4.83', 'sei': '8.59'}",CHEMBL1766381,,CHEMBL1766381,5.01,0,http://www.openphacts.org/units/Nanomolar,1417219,=,1,1,=,,IC50,nM,,9800.0,CHEMBL2095196,Rattus norvegicus,Monoamine oxidase,10116,,,IC50,uM,UO_0000065,,9.8
91,,,6170459,[],CHEMBL1769941,Inhibition of rat liver MAO-A/MAO-B after 30 mins by coupled colorimetric method,B,,,BAO_0000190,BAO_0000019,assay format,NN[C@@H](c1ccccc1)[C@H](O)c1ccccc1,,,CHEMBL1765009,J Med Chem,2011,"{'bei': '19.57', 'le': '0.36', 'lle': '2.55', 'sei': '7.67'}",CHEMBL1766382,,CHEMBL1766382,4.47,0,http://www.openphacts.org/units/Nanomolar,1417220,=,1,1,=,,IC50,nM,,34000.0,CHEMBL2095196,Rattus norvegicus,Monoamine oxidase,10116,,,IC50,uM,UO_0000065,,34.0
92,,,6170460,[],CHEMBL1769941,Inhibition of rat liver MAO-A/MAO-B after 30 mins by coupled colorimetric method,B,,,BAO_0000190,BAO_0000019,assay format,CCCC(NN)C(O)c1ccccc1,,,CHEMBL1765009,J Med Chem,2011,"{'bei': '25.52', 'le': '0.48', 'lle': '3.61', 'sei': '8.51'}",CHEMBL1766383,,CHEMBL1766383,4.96,0,http://www.openphacts.org/units/Nanomolar,1417221,=,1,1,=,,IC50,nM,,11000.0,CHEMBL2095196,Rattus norvegicus,Monoamine oxidase,10116,,,IC50,uM,UO_0000065,,11.0
93,,,6170461,[],CHEMBL1769941,Inhibition of rat liver MAO-A/MAO-B after 30 mins by coupled colorimetric method,B,,,BAO_0000190,BAO_0000019,assay format,CN(N)[C@@H](c1ccccc1)[C@H](O)c1ccccc1,,,CHEMBL1765009,J Med Chem,2011,"{'bei': '17.15', 'le': '0.32', 'lle': '1.88', 'sei': '8.40'}",CHEMBL1766384,,CHEMBL1766384,4.16,0,http://www.openphacts.org/units/Nanomolar,1417222,=,1,1,=,,IC50,nM,,70000.0,CHEMBL2095196,Rattus norvegicus,Monoamine oxidase,10116,,,IC50,uM,UO_0000065,,70.0
94,,,6170462,[],CHEMBL1769941,Inhibition of rat liver MAO-A/MAO-B after 30 mins by coupled colorimetric method,B,,,BAO_0000190,BAO_0000019,assay format,CN(N)[C@@H](c1ccccc1)[C@@H](O)c1ccccc1,,,CHEMBL1765009,J Med Chem,2011,"{'bei': '16.80', 'le': '0.31', 'lle': '1.80', 'sei': '8.23'}",CHEMBL1766385,,CHEMBL1766385,4.07,0,http://www.openphacts.org/units/Nanomolar,1417223,=,1,1,=,,IC50,nM,,85000.0,CHEMBL2095196,Rattus norvegicus,Monoamine oxidase,10116,,,IC50,uM,UO_0000065,,85.0
95,,,6170463,[],CHEMBL1769941,Inhibition of rat liver MAO-A/MAO-B after 30 mins by coupled colorimetric method,B,,,BAO_0000190,BAO_0000019,assay format,CN(N)[C@H](c1ccccc1)[C@H](O)c1ccccc1,,,CHEMBL1765009,J Med Chem,2011,"{'bei': '16.53', 'le': '0.30', 'lle': '1.73', 'sei': '8.09'}",CHEMBL1766386,,CHEMBL1766386,4.00,0,http://www.openphacts.org/units/Nanomolar,1417224,=,1,1,=,,IC50,nM,,99000.0,CHEMBL2095196,Rattus norvegicus,Monoamine oxidase,10116,,,IC50,uM,UO_0000065,,99.0
96,,,6170464,[],CHEMBL1769941,Inhibition of rat liver MAO-A/MAO-B after 30 mins by coupled colorimetric method,B,,,BAO_0000190,BAO_0000019,assay format,CN(N)[C@H](c1ccccc1)[C@@H](O)c1ccccc1,Outside typical range,"Values for this activity type are unusually large/small, so may not be accurate",CHEMBL1765009,J Med Chem,2011,,CHEMBL1766387,,CHEMBL1766387,,0,http://www.openphacts.org/units/Nanomolar,1417225,=,1,1,=,,IC50,nM,,105000.0,CHEMBL2095196,Rattus norvegicus,Monoamine oxidase,10116,,,IC50,uM,UO_0000065,,105.0
