Unnamed: 0,action_type,activity_comment,activity_id,activity_properties,assay_chembl_id,assay_description,assay_type,assay_variant_accession,assay_variant_mutation,bao_endpoint,bao_format,bao_label,canonical_smiles,data_validity_comment,data_validity_description,document_chembl_id,document_journal,document_year,ligand_efficiency,molecule_chembl_id,molecule_pref_name,parent_molecule_chembl_id,pchembl_value,potential_duplicate,qudt_units,record_id,relation,src_id,standard_flag,standard_relation,standard_text_value,standard_type,standard_units,standard_upper_value,standard_value,target_chembl_id,target_organism,target_pref_name,target_tax_id,text_value,toid,type,units,uo_units,upper_value,value,class
0.0,,,106290.0,[],CHEMBL802689,Compound was tested in vitro for inhibition of MAO by using [14C]5-HT as substrate in rat brain mitochondrial preparation,B,,,BAO_0000190,BAO_0000221,tissue-based format,CC(N)Cc1ccc2c(c1Cl)CCN2,,,CHEMBL1123336,J Med Chem,1986.0,"{'bei': '31.79', 'le': '0.65', 'lle': '4.50', 'sei': '17.61'}",CHEMBL31059,,CHEMBL31059,6.7,0.0,http://www.openphacts.org/units/Nanomolar,47116.0,=,1.0,1.0,=,,IC50,nM,,200.0,CHEMBL2095196,Rattus norvegicus,Monoamine oxidase,10116.0,,,IC50,uM,UO_0000065,,0.2,
1.0,,,106291.0,[],CHEMBL802688,Compound was tested in vitro for inhibition of MAO by using [14C]phenylethylamine as substrate in rat brain mitochondrial preparation,B,,,BAO_0000190,BAO_0000221,tissue-based format,CC(N)Cc1ccc2c(c1Cl)CCN2,Outside typical range,"Values for this activity type are unusually large/small, so may not be accurate",CHEMBL1123336,J Med Chem,1986.0,,CHEMBL31059,,CHEMBL31059,,0.0,http://www.openphacts.org/units/Nanomolar,47116.0,=,1.0,1.0,=,,IC50,nM,,800000.0,CHEMBL2095196,Rattus norvegicus,Monoamine oxidase,10116.0,,,IC50,uM,UO_0000065,,800.0,
2.0,,,116568.0,[],CHEMBL802689,Compound was tested in vitro for inhibition of MAO by using [14C]5-HT as substrate in rat brain mitochondrial preparation,B,,,BAO_0000190,BAO_0000221,tissue-based format,CC(C)(N)Cc1ccc2c(c1)CCN2,,,CHEMBL1123336,J Med Chem,1986.0,"{'bei': '29.18', 'le': '0.54', 'lle': '3.62', 'sei': '14.59'}",CHEMBL280749,,CHEMBL280749,5.55,0.0,http://www.openphacts.org/units/Nanomolar,47115.0,=,1.0,1.0,=,,IC50,nM,,2800.0,CHEMBL2095196,Rattus norvegicus,Monoamine oxidase,10116.0,,,IC50,uM,UO_0000065,,2.8,
3.0,,,116569.0,[],CHEMBL802688,Compound was tested in vitro for inhibition of MAO by using [14C]phenylethylamine as substrate in rat brain mitochondrial preparation,B,,,BAO_0000190,BAO_0000221,tissue-based format,CC(C)(N)Cc1ccc2c(c1)CCN2,Outside typical range,"Values for this activity type are unusually large/small, so may not be accurate",CHEMBL1123336,J Med Chem,1986.0,,CHEMBL280749,,CHEMBL280749,,0.0,http://www.openphacts.org/units/Nanomolar,47115.0,=,1.0,1.0,=,,IC50,nM,,2600000.0,CHEMBL2095196,Rattus norvegicus,Monoamine oxidase,10116.0,,,IC50,uM,UO_0000065,,2600.0,
4.0,,,122730.0,[],CHEMBL802689,Compound was tested in vitro for inhibition of MAO by using [14C]5-HT as substrate in rat brain mitochondrial preparation,B,,,BAO_0000190,BAO_0000221,tissue-based format,CC(N)Cc1ccc2c(c1)CCN2,,,CHEMBL1123336,J Med Chem,1986.0,"{'bei': '30.08', 'le': '0.56', 'lle': '3.76', 'sei': '13.93'}",CHEMBL32958,,CHEMBL32958,5.3,0.0,http://www.openphacts.org/units/Nanomolar,47117.0,=,1.0,1.0,=,,IC50,nM,,5000.0,CHEMBL2095196,Rattus norvegicus,Monoamine oxidase,10116.0,,,IC50,uM,UO_0000065,,5.0,
5.0,,,122731.0,[],CHEMBL802688,Compound was tested in vitro for inhibition of MAO by using [14C]phenylethylamine as substrate in rat brain mitochondrial preparation,B,,,BAO_0000190,BAO_0000221,tissue-based format,CC(N)Cc1ccc2c(c1)CCN2,,,CHEMBL1123336,J Med Chem,1986.0,,CHEMBL32958,,CHEMBL32958,,0.0,http://www.openphacts.org/units/Nanomolar,47117.0,>,1.0,1.0,>,,IC50,nM,,100000.0,CHEMBL2095196,Rattus norvegicus,Monoamine oxidase,10116.0,,,IC50,uM,UO_0000065,,100.0,
6.0,,,129121.0,[],CHEMBL802689,Compound was tested in vitro for inhibition of MAO by using [14C]5-HT as substrate in rat brain mitochondrial preparation,B,,,BAO_0000190,BAO_0000221,tissue-based format,Cc1cc2c(cc1CC(C)N)CCN2,,,CHEMBL1123336,J Med Chem,1986.0,"{'bei': '25.68', 'le': '0.48', 'lle': '3.04', 'sei': '12.84'}",CHEMBL31081,,CHEMBL31081,4.89,0.0,http://www.openphacts.org/units/Nanomolar,47119.0,=,1.0,1.0,=,,IC50,nM,,13000.0,CHEMBL2095196,Rattus norvegicus,Monoamine oxidase,10116.0,,,IC50,uM,UO_0000065,,13.0,
7.0,,,129122.0,[],CHEMBL802688,Compound was tested in vitro for inhibition of MAO by using [14C]phenylethylamine as substrate in rat brain mitochondrial preparation,B,,,BAO_0000190,BAO_0000221,tissue-based format,Cc1cc2c(cc1CC(C)N)CCN2,Outside typical range,"Values for this activity type are unusually large/small, so may not be accurate",CHEMBL1123336,J Med Chem,1986.0,,CHEMBL31081,,CHEMBL31081,,0.0,http://www.openphacts.org/units/Nanomolar,47119.0,=,1.0,1.0,=,,IC50,nM,,170000.0,CHEMBL2095196,Rattus norvegicus,Monoamine oxidase,10116.0,,,IC50,uM,UO_0000065,,170.0,
8.0,,,130509.0,[],CHEMBL802689,Compound was tested in vitro for inhibition of MAO by using [14C]5-HT as substrate in rat brain mitochondrial preparation,B,,,BAO_0000190,BAO_0000221,tissue-based format,CCN1CCc2c1ccc(CC(C)N)c2C,,,CHEMBL1123336,J Med Chem,1986.0,"{'bei': '27.29', 'le': '0.51', 'lle': '3.69', 'sei': '20.36'}",CHEMBL30275,,CHEMBL30275,5.96,0.0,http://www.openphacts.org/units/Nanomolar,47118.0,=,1.0,1.0,=,,IC50,nM,,1100.0,CHEMBL2095196,Rattus norvegicus,Monoamine oxidase,10116.0,,,IC50,uM,UO_0000065,,1.1,
9.0,,,130510.0,[],CHEMBL802688,Compound was tested in vitro for inhibition of MAO by using [14C]phenylethylamine as substrate in rat brain mitochondrial preparation,B,,,BAO_0000190,BAO_0000221,tissue-based format,CCN1CCc2c1ccc(CC(C)N)c2C,Outside typical range,"Values for this activity type are unusually large/small, so may not be accurate",CHEMBL1123336,J Med Chem,1986.0,,CHEMBL30275,,CHEMBL30275,,0.0,http://www.openphacts.org/units/Nanomolar,47118.0,>,1.0,1.0,>,,IC50,nM,,500000.0,CHEMBL2095196,Rattus norvegicus,Monoamine oxidase,10116.0,,,IC50,uM,UO_0000065,,500.0,
10.0,,,133068.0,[],CHEMBL802689,Compound was tested in vitro for inhibition of MAO by using [14C]5-HT as substrate in rat brain mitochondrial preparation,B,,,BAO_0000190,BAO_0000221,tissue-based format,Cc1cc(N(C)C)ccc1CC(C)N,,,CHEMBL1123336,J Med Chem,1986.0,"{'bei': '31.70', 'le': '0.59', 'lle': '4.15', 'sei': '20.84'}",CHEMBL30344,AMIFLAMINE,CHEMBL30344,6.1,0.0,http://www.openphacts.org/units/Nanomolar,47114.0,=,1.0,1.0,=,,IC50,nM,,800.0,CHEMBL2095196,Rattus norvegicus,Monoamine oxidase,10116.0,,,IC50,uM,UO_0000065,,0.8,
11.0,,,133069.0,[],CHEMBL802688,Compound was tested in vitro for inhibition of MAO by using [14C]phenylethylamine as substrate in rat brain mitochondrial preparation,B,,,BAO_0000190,BAO_0000221,tissue-based format,Cc1cc(N(C)C)ccc1CC(C)N,Outside typical range,"Values for this activity type are unusually large/small, so may not be accurate",CHEMBL1123336,J Med Chem,1986.0,,CHEMBL30344,AMIFLAMINE,CHEMBL30344,,0.0,http://www.openphacts.org/units/Nanomolar,47114.0,>,1.0,1.0,>,,IC50,nM,,1000000.0,CHEMBL2095196,Rattus norvegicus,Monoamine oxidase,10116.0,,,IC50,uM,UO_0000065,,1000.0,
12.0,,,135475.0,[],CHEMBL802689,Compound was tested in vitro for inhibition of MAO by using [14C]5-HT as substrate in rat brain mitochondrial preparation,B,,,BAO_0000190,BAO_0000221,tissue-based format,CCC(N)Cc1ccc2c(c1Cl)CCN2,,,CHEMBL1123336,J Med Chem,1986.0,"{'bei': '27.59', 'le': '0.56', 'lle': '3.61', 'sei': '16.30'}",CHEMBL280619,,CHEMBL280619,6.2,0.0,http://www.openphacts.org/units/Nanomolar,47113.0,=,1.0,1.0,=,,IC50,nM,,630.0,CHEMBL2095196,Rattus norvegicus,Monoamine oxidase,10116.0,,,IC50,uM,UO_0000065,,0.63,
13.0,,,135476.0,[],CHEMBL802688,Compound was tested in vitro for inhibition of MAO by using [14C]phenylethylamine as substrate in rat brain mitochondrial preparation,B,,,BAO_0000190,BAO_0000221,tissue-based format,CCC(N)Cc1ccc2c(c1Cl)CCN2,,,CHEMBL1123336,J Med Chem,1986.0,"{'bei': '25.98', 'le': '0.53', 'lle': '3.25', 'sei': '15.34'}",CHEMBL280619,,CHEMBL280619,5.84,0.0,http://www.openphacts.org/units/Nanomolar,47113.0,=,1.0,1.0,=,,IC50,nM,,1450.0,CHEMBL2095196,Rattus norvegicus,Monoamine oxidase,10116.0,,,IC50,uM,UO_0000065,,1.45,
14.0,,,137832.0,[],CHEMBL802689,Compound was tested in vitro for inhibition of MAO by using [14C]5-HT as substrate in rat brain mitochondrial preparation,B,,,BAO_0000190,BAO_0000221,tissue-based format,CCN1CCc2cc(CC(C)N)c(C)cc21,,,CHEMBL1123336,J Med Chem,1986.0,"{'bei': '29.69', 'le': '0.55', 'lle': '4.21', 'sei': '22.15'}",CHEMBL412308,,CHEMBL412308,6.48,0.0,http://www.openphacts.org/units/Nanomolar,47112.0,=,1.0,1.0,=,,IC50,nM,,330.0,CHEMBL2095196,Rattus norvegicus,Monoamine oxidase,10116.0,,,IC50,uM,UO_0000065,,0.33,
15.0,,,137833.0,[],CHEMBL802688,Compound was tested in vitro for inhibition of MAO by using [14C]phenylethylamine as substrate in rat brain mitochondrial preparation,B,,,BAO_0000190,BAO_0000221,tissue-based format,CCN1CCc2cc(CC(C)N)c(C)cc21,,,CHEMBL1123336,J Med Chem,1986.0,"{'bei': '18.84', 'le': '0.35', 'lle': '1.84', 'sei': '14.06'}",CHEMBL412308,,CHEMBL412308,4.11,0.0,http://www.openphacts.org/units/Nanomolar,47112.0,=,1.0,1.0,=,,IC50,nM,,77000.0,CHEMBL2095196,Rattus norvegicus,Monoamine oxidase,10116.0,,,IC50,uM,UO_0000065,,77.0,
16.0,,,141307.0,[],CHEMBL734658,Compound was tested in vitro for inhibition of Monoamino oxidase by using [14C]5-HT as substrate in rat brain mitochondrial preparation,B,,,BAO_0000190,BAO_0000221,tissue-based format,CCC(N)Cc1ccc2c(c1)CCN2,,,CHEMBL1123336,J Med Chem,1986.0,"{'bei': '25.51', 'le': '0.47', 'lle': '2.92', 'sei': '12.76'}",CHEMBL31171,,CHEMBL31171,4.85,0.0,http://www.openphacts.org/units/Nanomolar,47110.0,=,1.0,1.0,=,,IC50,nM,,14000.0,CHEMBL2095196,Rattus norvegicus,Monoamine oxidase,10116.0,,,IC50,uM,UO_0000065,,14.0,
17.0,,,141308.0,[],CHEMBL734573,Compound was tested in vitro for inhibition of Monoamino oxidase by using [14C]phenylethylamine as substrate in rat brain mitochondrial preparation,B,,,BAO_0000190,BAO_0000221,tissue-based format,CCC(N)Cc1ccc2c(c1)CCN2,Outside typical range,"Values for this activity type are unusually large/small, so may not be accurate",CHEMBL1123336,J Med Chem,1986.0,,CHEMBL31171,,CHEMBL31171,,0.0,http://www.openphacts.org/units/Nanomolar,47110.0,=,1.0,1.0,=,,IC50,nM,,800000.0,CHEMBL2095196,Rattus norvegicus,Monoamine oxidase,10116.0,,,IC50,uM,UO_0000065,,800.0,
18.0,,,143878.0,[],CHEMBL802689,Compound was tested in vitro for inhibition of MAO by using [14C]5-HT as substrate in rat brain mitochondrial preparation,B,,,BAO_0000190,BAO_0000221,tissue-based format,Cc1c(CC(C)N)ccc2c1CCN2,,,CHEMBL1123336,J Med Chem,1986.0,"{'bei': '32.04', 'le': '0.59', 'lle': '4.25', 'sei': '16.02'}",CHEMBL447828,,CHEMBL447828,6.1,0.0,http://www.openphacts.org/units/Nanomolar,47111.0,=,1.0,1.0,=,,IC50,nM,,800.0,CHEMBL2095196,Rattus norvegicus,Monoamine oxidase,10116.0,,,IC50,uM,UO_0000065,,0.8,
19.0,,,143879.0,[],CHEMBL802688,Compound was tested in vitro for inhibition of MAO by using [14C]phenylethylamine as substrate in rat brain mitochondrial preparation,B,,,BAO_0000190,BAO_0000221,tissue-based format,Cc1c(CC(C)N)ccc2c1CCN2,Outside typical range,"Values for this activity type are unusually large/small, so may not be accurate",CHEMBL1123336,J Med Chem,1986.0,,CHEMBL447828,,CHEMBL447828,,0.0,http://www.openphacts.org/units/Nanomolar,47111.0,>,1.0,1.0,>,,IC50,nM,,500000.0,CHEMBL2095196,Rattus norvegicus,Monoamine oxidase,10116.0,,,IC50,uM,UO_0000065,,500.0,
20.0,,,146962.0,[],CHEMBL731858,Compound was evaluated for the inhibition of deamination of dopamine (DA) by Monoamine oxidase at 5 x 10e-4 M,B,,,BAO_0000190,BAO_0000224,protein format,C#CCN(C)C(C)C.Cl,,,CHEMBL1126309,J Med Chem,1992.0,"{'bei': '40.95', 'le': '0.78', 'lle': '3.59', 'sei': '140.52'}",CHEMBL543649,,CHEMBL1192419,4.55,0.0,http://www.openphacts.org/units/Nanomolar,233281.0,=,1.0,1.0,=,,IC50,nM,,28000.0,CHEMBL2095196,Rattus norvegicus,Monoamine oxidase,10116.0,,,IC50,M,UO_0000065,,2.8e-05,
21.0,,Not Active,150513.0,[],CHEMBL731857,Compound was evaluated for the inhibition of deamination of dopamine (DA) by MAO at 5 x 10e-4 M; IA=inactive,B,,,BAO_0000190,BAO_0000224,protein format,C#CCN(C)CCCCC(=O)OCC.O=C(O)C(=O)O,,,CHEMBL1126309,J Med Chem,1992.0,,CHEMBL120929,,CHEMBL1180304,,0.0,http://www.openphacts.org/units/Nanomolar,233273.0,,1.0,0.0,,,IC50,nM,,,CHEMBL2095196,Rattus norvegicus,Monoamine oxidase,10116.0,,,IC50,M,UO_0000065,,,
22.0,,Not Active,156625.0,[],CHEMBL731859,Compound was evaluated for the inhibition of deamination of dopamine (DA) by Monoamine oxidase at 5 x 10e-4 M; IA=inactive,B,,,BAO_0000190,BAO_0000224,protein format,C#CCNC.Cl,,,CHEMBL1126309,J Med Chem,1992.0,,CHEMBL543411,,CHEMBL1192210,,0.0,http://www.openphacts.org/units/Nanomolar,233264.0,,1.0,0.0,,,IC50,nM,,,CHEMBL2095196,Rattus norvegicus,Monoamine oxidase,10116.0,,,IC50,M,UO_0000065,,,
23.0,,,160220.0,[],CHEMBL879402,Compound was evaluated for the inhibition of deamination of dopamine (DA) by MAO at 5 x 10e-4 M,B,,,BAO_0000190,BAO_0000224,protein format,C#CCN(C)C(C)CC.Cl.O=C(O)C(=O)O,,,CHEMBL1126309,J Med Chem,1992.0,"{'bei': '50.39', 'le': '0.96', 'lle': '4.96', 'sei': '194.75'}",CHEMBL545755,,CHEMBL1194223,6.31,0.0,http://www.openphacts.org/units/Nanomolar,233280.0,=,1.0,1.0,=,,IC50,nM,,490.0,CHEMBL2095196,Rattus norvegicus,Monoamine oxidase,10116.0,,,IC50,M,UO_0000065,,4.9e-07,
24.0,,,161484.0,[],CHEMBL879402,Compound was evaluated for the inhibition of deamination of dopamine (DA) by MAO at 5 x 10e-4 M,B,,,BAO_0000190,BAO_0000224,protein format,C#CCN(C)C(C)CCC.Cl.O=C(O)C(=O)O,,,CHEMBL1126309,J Med Chem,1992.0,"{'bei': '37.72', 'le': '0.72', 'lle': '3.51', 'sei': '162.09'}",CHEMBL545754,,CHEMBL1194222,5.25,0.0,http://www.openphacts.org/units/Nanomolar,233279.0,=,1.0,1.0,=,,IC50,nM,,5600.0,CHEMBL2095196,Rattus norvegicus,Monoamine oxidase,10116.0,,,IC50,M,UO_0000065,,5.6e-06,
25.0,,,164005.0,[],CHEMBL879402,Compound was evaluated for the inhibition of deamination of dopamine (DA) by MAO at 5 x 10e-4 M,B,,,BAO_0000190,BAO_0000224,protein format,C#CCN(C)C(C)CCCCC.Cl,,,CHEMBL1126309,J Med Chem,1992.0,"{'bei': '38.82', 'le': '0.74', 'lle': '3.97', 'sei': '200.46'}",CHEMBL541325,,CHEMBL1190652,6.5,0.0,http://www.openphacts.org/units/Nanomolar,233277.0,=,1.0,1.0,=,,IC50,nM,,320.0,CHEMBL2095196,Rattus norvegicus,Monoamine oxidase,10116.0,,,IC50,M,UO_0000065,,3.2e-07,
26.0,,Not Active,165060.0,[],CHEMBL731857,Compound was evaluated for the inhibition of deamination of dopamine (DA) by MAO at 5 x 10e-4 M; IA=inactive,B,,,BAO_0000190,BAO_0000224,protein format,C#CCN(C)C(C)CCC(=O)OCC.Cl,,,CHEMBL1126309,J Med Chem,1992.0,,CHEMBL544822,,CHEMBL1193420,,0.0,http://www.openphacts.org/units/Nanomolar,233274.0,,1.0,0.0,,,IC50,nM,,,CHEMBL2095196,Rattus norvegicus,Monoamine oxidase,10116.0,,,IC50,M,UO_0000065,,,
27.0,,,167633.0,[],CHEMBL879402,Compound was evaluated for the inhibition of deamination of dopamine (DA) by MAO at 5 x 10e-4 M,B,,,BAO_0000190,BAO_0000224,protein format,C#CCN(C)C(C)CCCCCCCCCC.Cl,,,CHEMBL1126309,J Med Chem,1992.0,"{'bei': '27.60', 'le': '0.53', 'lle': '2.08', 'sei': '202.25'}",CHEMBL542465,,CHEMBL1191377,6.55,0.0,http://www.openphacts.org/units/Nanomolar,233269.0,=,1.0,1.0,=,,IC50,nM,,280.0,CHEMBL2095196,Rattus norvegicus,Monoamine oxidase,10116.0,,,IC50,M,UO_0000065,,2.8e-07,
28.0,,,167643.0,[],CHEMBL879402,Compound was evaluated for the inhibition of deamination of dopamine (DA) by MAO at 5 x 10e-4 M,B,,,BAO_0000190,BAO_0000224,protein format,C#CCN(C)[C@H](C)Cc1ccccc1,,,CHEMBL1126309,J Med Chem,1992.0,"{'bei': '34.99', 'le': '0.64', 'lle': '4.37', 'sei': '202.25'}",CHEMBL972,SELEGILINE,CHEMBL972,6.55,0.0,http://www.openphacts.org/units/Nanomolar,233270.0,=,1.0,1.0,=,,IC50,nM,,280.0,CHEMBL2095196,Rattus norvegicus,Monoamine oxidase,10116.0,,,IC50,M,UO_0000065,,2.8e-07,
29.0,,,176066.0,[],CHEMBL879402,Compound was evaluated for the inhibition of deamination of dopamine (DA) by MAO at 5 x 10e-4 M,B,,,BAO_0000190,BAO_0000224,protein format,C#CCN(C)C(C)CCCCCCCC.Cl,,,CHEMBL1126309,J Med Chem,1992.0,"{'bei': '31.89', 'le': '0.61', 'lle': '2.99', 'sei': '206.10'}",CHEMBL542711,,CHEMBL1191593,6.68,0.0,http://www.openphacts.org/units/Nanomolar,233276.0,=,1.0,1.0,=,,IC50,nM,,210.0,CHEMBL2095196,Rattus norvegicus,Monoamine oxidase,10116.0,,,IC50,M,UO_0000065,,2.1e-07,
30.0,,Not Active,179893.0,[],CHEMBL731857,Compound was evaluated for the inhibition of deamination of dopamine (DA) by MAO at 5 x 10e-4 M; IA=inactive,B,,,BAO_0000190,BAO_0000224,protein format,C#CCN(C)CCC(=O)O.O=C(O)C(=O)O,,,CHEMBL1126309,J Med Chem,1992.0,,CHEMBL123538,,CHEMBL1180356,,0.0,http://www.openphacts.org/units/Nanomolar,233275.0,,1.0,0.0,,,IC50,nM,,,CHEMBL2095196,Rattus norvegicus,Monoamine oxidase,10116.0,,,IC50,M,UO_0000065,,,
31.0,,,633987.0,[],CHEMBL734659,Inhibitory activity against rat brain mitochondrial Monoamine oxidase,B,,,BAO_0000190,BAO_0000019,assay format,Cl.NCC(=C(Br)Br)c1ccccc1,Outside typical range,"Values for this activity type are unusually large/small, so may not be accurate",CHEMBL1123104,J Med Chem,1985.0,,CHEMBL544506,,CHEMBL1193144,,0.0,http://www.openphacts.org/units/Nanomolar,99019.0,=,1.0,1.0,=,,IC50,nM,,500000.0,CHEMBL2095196,Rattus norvegicus,Monoamine oxidase,10116.0,,,IC50,M,UO_0000065,,0.0005,
32.0,,,635038.0,[],CHEMBL734659,Inhibitory activity against rat brain mitochondrial Monoamine oxidase,B,,,BAO_0000190,BAO_0000019,assay format,Cl.NC/C(=C/F)c1cccc(C(F)(F)F)c1,,,CHEMBL1123104,J Med Chem,1985.0,"{'bei': '37.21', 'le': '0.74', 'lle': '5.18', 'sei': '31.34'}",CHEMBL544509,,CHEMBL1193147,8.15,0.0,http://www.openphacts.org/units/Nanomolar,99015.0,=,1.0,1.0,=,,IC50,nM,,7.0,CHEMBL2095196,Rattus norvegicus,Monoamine oxidase,10116.0,,,IC50,M,UO_0000065,,7e-09,
33.0,,,635040.0,[],CHEMBL734659,Inhibitory activity against rat brain mitochondrial Monoamine oxidase,B,,,BAO_0000190,BAO_0000019,assay format,Cl.NC/C(=C/F)c1ccc(O)c(O)c1,,,CHEMBL1123104,J Med Chem,1985.0,"{'bei': '38.21', 'le': '0.74', 'lle': '5.63', 'sei': '10.53'}",CHEMBL553995,,CHEMBL1195177,7.0,0.0,http://www.openphacts.org/units/Nanomolar,99014.0,=,1.0,1.0,=,,IC50,nM,,100.0,CHEMBL2095196,Rattus norvegicus,Monoamine oxidase,10116.0,,,IC50,M,UO_0000065,,1e-07,
34.0,,,636236.0,[],CHEMBL734659,Inhibitory activity against rat brain mitochondrial Monoamine oxidase,B,,,BAO_0000190,BAO_0000019,assay format,Cl.NC/C(=C/Br)c1ccccc1,,,CHEMBL1123104,J Med Chem,1985.0,"{'bei': '20.74', 'le': '0.55', 'lle': '2.02', 'sei': '16.90'}",CHEMBL555774,,CHEMBL1196013,4.4,0.0,http://www.openphacts.org/units/Nanomolar,99017.0,=,1.0,1.0,=,,IC50,nM,,40000.0,CHEMBL2095196,Rattus norvegicus,Monoamine oxidase,10116.0,,,IC50,M,UO_0000065,,4e-05,
35.0,,,636328.0,[],CHEMBL734659,Inhibitory activity against rat brain mitochondrial Monoamine oxidase,B,,,BAO_0000190,BAO_0000019,assay format,COc1ccc(/C(=C\F)CN)cc1.Cl,,,CHEMBL1123104,J Med Chem,1985.0,"{'bei': '39.85', 'le': '0.76', 'lle': '5.26', 'sei': '20.49'}",CHEMBL543328,,CHEMBL1192143,7.22,0.0,http://www.openphacts.org/units/Nanomolar,99027.0,=,1.0,1.0,=,,IC50,nM,,60.0,CHEMBL2095196,Rattus norvegicus,Monoamine oxidase,10116.0,,,IC50,M,UO_0000065,,6e-08,
36.0,,,638771.0,[],CHEMBL734659,Inhibitory activity against rat brain mitochondrial Monoamine oxidase,B,,,BAO_0000190,BAO_0000019,assay format,Cl.NC/C(=C/Cl)c1ccccc1,,,CHEMBL1123104,J Med Chem,1985.0,"{'bei': '23.86', 'le': '0.50', 'lle': '1.77', 'sei': '15.37'}",CHEMBL544507,,CHEMBL1193145,4.0,0.0,http://www.openphacts.org/units/Nanomolar,99022.0,=,1.0,1.0,=,,IC50,nM,,100000.0,CHEMBL2095196,Rattus norvegicus,Monoamine oxidase,10116.0,,,IC50,M,UO_0000065,,0.0001,
37.0,,,638772.0,[],CHEMBL734659,Inhibitory activity against rat brain mitochondrial Monoamine oxidase,B,,,BAO_0000190,BAO_0000019,assay format,C#CCN(C)[C@H](C)Cc1ccccc1,,,CHEMBL1123104,J Med Chem,1985.0,"{'bei': '40.59', 'le': '0.74', 'lle': '5.42', 'sei': '234.63'}",CHEMBL972,SELEGILINE,CHEMBL972,7.6,0.0,http://www.openphacts.org/units/Nanomolar,99011.0,=,1.0,1.0,=,,IC50,nM,,25.0,CHEMBL2095196,Rattus norvegicus,Monoamine oxidase,10116.0,,,IC50,M,UO_0000065,,2.5e-08,
38.0,,,639888.0,[],CHEMBL734659,Inhibitory activity against rat brain mitochondrial Monoamine oxidase,B,,,BAO_0000190,BAO_0000019,assay format,Cl.NC/C(=C/F)c1ccc(Cl)cc1,,,CHEMBL1123104,J Med Chem,1985.0,"{'bei': '41.47', 'le': '0.88', 'lle': '5.09', 'sei': '29.59'}",CHEMBL541803,,CHEMBL1190876,7.7,0.0,http://www.openphacts.org/units/Nanomolar,99020.0,=,1.0,1.0,=,,IC50,nM,,20.0,CHEMBL2095196,Rattus norvegicus,Monoamine oxidase,10116.0,,,IC50,M,UO_0000065,,2e-08,
39.0,,,639980.0,[],CHEMBL734659,Inhibitory activity against rat brain mitochondrial Monoamine oxidase,B,,,BAO_0000190,BAO_0000019,assay format,Cl.NC/C(=C/F)c1cccc(O)c1,,,CHEMBL1123104,J Med Chem,1985.0,"{'bei': '43.67', 'le': '0.83', 'lle': '5.64', 'sei': '15.79'}",CHEMBL538992,,CHEMBL1189550,7.3,0.0,http://www.openphacts.org/units/Nanomolar,99025.0,=,1.0,1.0,=,,IC50,nM,,50.0,CHEMBL2095196,Rattus norvegicus,Monoamine oxidase,10116.0,,,IC50,M,UO_0000065,,5e-08,
40.0,,,642542.0,[],CHEMBL734659,Inhibitory activity against rat brain mitochondrial Monoamine oxidase,B,,,BAO_0000190,BAO_0000019,assay format,Cl.NC/C(=C\Cl)c1ccccc1,Outside typical range,"Values for this activity type are unusually large/small, so may not be accurate",CHEMBL1123104,J Med Chem,1985.0,,CHEMBL544742,,CHEMBL1193352,,0.0,http://www.openphacts.org/units/Nanomolar,99012.0,=,1.0,1.0,=,,IC50,nM,,500000.0,CHEMBL2095196,Rattus norvegicus,Monoamine oxidase,10116.0,,,IC50,M,UO_0000065,,0.0005,
41.0,,,643839.0,[],CHEMBL734659,Inhibitory activity against rat brain mitochondrial Monoamine oxidase,B,,,BAO_0000190,BAO_0000019,assay format,COc1ccccc1/C(=C\F)CN.Cl,,,CHEMBL1123104,J Med Chem,1985.0,"{'bei': '30.91', 'le': '0.59', 'lle': '3.64', 'sei': '15.89'}",CHEMBL538744,,CHEMBL1189426,5.6,0.0,http://www.openphacts.org/units/Nanomolar,99028.0,=,1.0,1.0,=,,IC50,nM,,2500.0,CHEMBL2095196,Rattus norvegicus,Monoamine oxidase,10116.0,,,IC50,M,UO_0000065,,2.5e-06,
42.0,,,647213.0,[],CHEMBL734659,Inhibitory activity against rat brain mitochondrial Monoamine oxidase,B,,,BAO_0000190,BAO_0000019,assay format,C=C(CN)c1ccccc1.Cl,Outside typical range,"Values for this activity type are unusually large/small, so may not be accurate",CHEMBL1123104,J Med Chem,1985.0,,CHEMBL544745,,CHEMBL89394,,0.0,http://www.openphacts.org/units/Nanomolar,99010.0,=,1.0,1.0,=,,IC50,nM,,400000.0,CHEMBL2095196,Rattus norvegicus,Monoamine oxidase,10116.0,,,IC50,M,UO_0000065,,0.0004,
43.0,,,648515.0,[],CHEMBL734659,Inhibitory activity against rat brain mitochondrial Monoamine oxidase,B,,,BAO_0000190,BAO_0000019,assay format,Cc1ccc(/C(=C\F)CN)cc1.Cl,,,CHEMBL1123104,J Med Chem,1985.0,"{'bei': '48.42', 'le': '0.91', 'lle': '5.74', 'sei': '30.75'}",CHEMBL555332,,CHEMBL1195784,8.0,0.0,http://www.openphacts.org/units/Nanomolar,99016.0,=,1.0,1.0,=,,IC50,nM,,10.0,CHEMBL2095196,Rattus norvegicus,Monoamine oxidase,10116.0,,,IC50,M,UO_0000065,,1e-08,
44.0,,,648517.0,[],CHEMBL734659,Inhibitory activity against rat brain mitochondrial Monoamine oxidase,B,,,BAO_0000190,BAO_0000019,assay format,Cl.NC/C(=C\F)c1ccccc1,,,CHEMBL1123104,J Med Chem,1985.0,"{'bei': '45.14', 'le': '0.85', 'lle': '4.86', 'sei': '26.23'}",CHEMBL545677,,CHEMBL1194153,6.82,0.0,http://www.openphacts.org/units/Nanomolar,99013.0,=,1.0,1.0,=,,IC50,nM,,150.0,CHEMBL2095196,Rattus norvegicus,Monoamine oxidase,10116.0,,,IC50,M,UO_0000065,,1.5e-07,
45.0,,,658065.0,[],CHEMBL734659,Inhibitory activity against rat brain mitochondrial Monoamine oxidase,B,,,BAO_0000190,BAO_0000019,assay format,COc1ccc(/C(=C\F)CN)cc1OC.Cl,,,CHEMBL1123104,J Med Chem,1985.0,"{'bei': '26.52', 'le': '0.51', 'lle': '3.63', 'sei': '12.59'}",CHEMBL535873,,CHEMBL445285,5.6,0.0,http://www.openphacts.org/units/Nanomolar,99024.0,=,1.0,1.0,=,,IC50,nM,,2500.0,CHEMBL2095196,Rattus norvegicus,Monoamine oxidase,10116.0,,,IC50,M,UO_0000065,,2.5e-06,
46.0,,,659339.0,[],CHEMBL734659,Inhibitory activity against rat brain mitochondrial Monoamine oxidase,B,,,BAO_0000190,BAO_0000019,assay format,COc1cccc(/C(=C\F)CN)c1.Cl,,,CHEMBL1123104,J Med Chem,1985.0,"{'bei': '45.81', 'le': '0.87', 'lle': '6.34', 'sei': '23.55'}",CHEMBL554775,,CHEMBL1195525,8.3,0.0,http://www.openphacts.org/units/Nanomolar,99029.0,=,1.0,1.0,=,,IC50,nM,,5.0,CHEMBL2095196,Rattus norvegicus,Monoamine oxidase,10116.0,,,IC50,M,UO_0000065,,5e-09,
47.0,,,660491.0,[],CHEMBL734659,Inhibitory activity against rat brain mitochondrial Monoamine oxidase,B,,,BAO_0000190,BAO_0000019,assay format,Cl.NCC(=C(F)F)c1ccccc1,,,CHEMBL1123104,J Med Chem,1985.0,"{'bei': '29.56', 'le': '0.57', 'lle': '2.75', 'sei': '19.22'}",CHEMBL544271,,CHEMBL1192948,5.0,0.0,http://www.openphacts.org/units/Nanomolar,99018.0,=,1.0,1.0,=,,IC50,nM,,10000.0,CHEMBL2095196,Rattus norvegicus,Monoamine oxidase,10116.0,,,IC50,M,UO_0000065,,1e-05,
48.0,,,660492.0,[],CHEMBL734659,Inhibitory activity against rat brain mitochondrial Monoamine oxidase,B,,,BAO_0000190,BAO_0000019,assay format,C=CCN,Outside typical range,"Values for this activity type are unusually large/small, so may not be accurate",CHEMBL1123104,J Med Chem,1985.0,,CHEMBL57286,ALLYLAMINE,CHEMBL57286,,0.0,http://www.openphacts.org/units/Nanomolar,99021.0,=,1.0,1.0,=,,IC50,nM,,500000.0,CHEMBL2095196,Rattus norvegicus,Monoamine oxidase,10116.0,,,IC50,M,UO_0000065,,0.0005,
49.0,,,666778.0,[],CHEMBL734659,Inhibitory activity against rat brain mitochondrial Monoamine oxidase,B,,,BAO_0000190,BAO_0000019,assay format,C#CCN(C)CCCOc1ccc(Cl)cc1Cl.Cl,,,CHEMBL1123104,J Med Chem,1985.0,"{'bei': '15.80', 'le': '0.35', 'lle': '0.97', 'sei': '34.49'}",CHEMBL539507,CLORGYLINE HYDROCHLORIDE,CHEMBL8706,4.3,0.0,http://www.openphacts.org/units/Nanomolar,99026.0,=,1.0,1.0,=,,IC50,nM,,50000.0,CHEMBL2095196,Rattus norvegicus,Monoamine oxidase,10116.0,,,IC50,M,UO_0000065,,5e-05,
50.0,,,668007.0,[],CHEMBL734659,Inhibitory activity against rat brain mitochondrial Monoamine oxidase,B,,,BAO_0000190,BAO_0000019,assay format,Cl.NC/C(=C/F)c1ccccc1,,,CHEMBL1123104,J Med Chem,1985.0,"{'bei': '51.23', 'le': '0.96', 'lle': '5.78', 'sei': '29.76'}",CHEMBL545207,,CHEMBL1193745,7.75,0.0,http://www.openphacts.org/units/Nanomolar,99023.0,=,1.0,1.0,=,,IC50,nM,,18.0,CHEMBL2095196,Rattus norvegicus,Monoamine oxidase,10116.0,,,IC50,M,UO_0000065,,1.8e-08,
51.0,,,904263.0,[],CHEMBL731860,In vitro inhibition of Monoamine oxidase at rat hyphalamic mitochondrial 5-HT by displacing 2.5 uM of [14C]5-HT.,B,,,BAO_0000190,BAO_0000224,protein format,C=C=C(CN)Cc1ccccc1,,,CHEMBL1122244,J Med Chem,1983.0,"{'bei': '29.51', 'le': '0.53', 'lle': '2.80', 'sei': '18.06'}",CHEMBL8848,,CHEMBL8848,4.7,0.0,http://www.openphacts.org/units/Nanomolar,4733.0,=,1.0,1.0,=,,IC50,nM,,20000.0,CHEMBL2095196,Rattus norvegicus,Monoamine oxidase,10116.0,,,IC50,uM,UO_0000065,,20.0,
52.0,,,904264.0,[],CHEMBL731861,In vitro inhibition of Monoamine oxidase at rat hyphalamic mitochondrial PEA by displacing 2.5 uM of [14C]PEA.,B,,,BAO_0000190,BAO_0000224,protein format,C=C=C(CN)Cc1ccccc1,,,CHEMBL1122244,J Med Chem,1983.0,"{'bei': '43.04', 'le': '0.78', 'lle': '4.95', 'sei': '26.34'}",CHEMBL8848,,CHEMBL8848,6.85,0.0,http://www.openphacts.org/units/Nanomolar,4733.0,=,1.0,1.0,=,,IC50,nM,,140.0,CHEMBL2095196,Rattus norvegicus,Monoamine oxidase,10116.0,,,IC50,uM,UO_0000065,,0.14,
53.0,,,904270.0,[],CHEMBL731860,In vitro inhibition of Monoamine oxidase at rat hyphalamic mitochondrial 5-HT by displacing 2.5 uM of [14C]5-HT.,B,,,BAO_0000190,BAO_0000224,protein format,C=C=CCN1CCc2ccccc2C1,,,CHEMBL1122244,J Med Chem,1983.0,"{'bei': '27.82', 'le': '0.50', 'lle': '2.76', 'sei': '159.10'}",CHEMBL8534,,CHEMBL8534,5.16,0.0,http://www.openphacts.org/units/Nanomolar,4724.0,=,1.0,1.0,=,,IC50,nM,,7000.0,CHEMBL2095196,Rattus norvegicus,Monoamine oxidase,10116.0,,,IC50,uM,UO_0000065,,7.0,
54.0,,,904271.0,[],CHEMBL731861,In vitro inhibition of Monoamine oxidase at rat hyphalamic mitochondrial PEA by displacing 2.5 uM of [14C]PEA.,B,,,BAO_0000190,BAO_0000224,protein format,C=C=CCN1CCc2ccccc2C1,,,CHEMBL1122244,J Med Chem,1983.0,"{'bei': '28.97', 'le': '0.52', 'lle': '2.98', 'sei': '165.63'}",CHEMBL8534,,CHEMBL8534,5.37,0.0,http://www.openphacts.org/units/Nanomolar,4724.0,=,1.0,1.0,=,,IC50,nM,,4300.0,CHEMBL2095196,Rattus norvegicus,Monoamine oxidase,10116.0,,,IC50,uM,UO_0000065,,4.3,
55.0,,,904276.0,[],CHEMBL873949,In vitro Inhibitory activity of Monoamine oxidase at rat hyphalamic mitochondrial 5-HT by displacing 2.5 uM of [14C]5-HT (serotonin),B,,,BAO_0000190,BAO_0000224,protein format,C#CCN(C)CCCOc1ccc(Cl)cc1Cl,,,CHEMBL1122244,J Med Chem,1983.0,"{'bei': '33.64', 'le': '0.74', 'lle': '5.82', 'sei': '73.42'}",CHEMBL8706,CLORGILINE,CHEMBL8706,9.15,0.0,http://www.openphacts.org/units/Nanomolar,4730.0,=,1.0,1.0,=,,IC50,nM,,0.7,CHEMBL2095196,Rattus norvegicus,Monoamine oxidase,10116.0,,,IC50,uM,UO_0000065,,0.0007,
56.0,,,904277.0,[],CHEMBL731862,In vitro Inhibitory activity of Monoamine oxidase at rat hyphalamic mitochondrial PEA by displacing 2.5 uM of [14C]PEA (phenethylamine),B,,,BAO_0000190,BAO_0000224,protein format,C#CCN(C)CCCOc1ccc(Cl)cc1Cl,,,CHEMBL1122244,J Med Chem,1983.0,"{'bei': '22.66', 'le': '0.50', 'lle': '2.84', 'sei': '49.46'}",CHEMBL8706,CLORGILINE,CHEMBL8706,6.17,0.0,http://www.openphacts.org/units/Nanomolar,4730.0,=,1.0,1.0,=,,IC50,nM,,680.0,CHEMBL2095196,Rattus norvegicus,Monoamine oxidase,10116.0,,,IC50,uM,UO_0000065,,0.68,
57.0,,,909462.0,[],CHEMBL731860,In vitro inhibition of Monoamine oxidase at rat hyphalamic mitochondrial 5-HT by displacing 2.5 uM of [14C]5-HT.,B,,,BAO_0000190,BAO_0000224,protein format,C=C=CCN(C)Cc1ccccc1,,,CHEMBL1122244,J Med Chem,1983.0,"{'bei': '29.36', 'le': '0.53', 'lle': '2.63', 'sei': '156.98'}",CHEMBL8695,,CHEMBL8695,5.09,0.0,http://www.openphacts.org/units/Nanomolar,4720.0,=,1.0,1.0,=,,IC50,nM,,8200.0,CHEMBL2095196,Rattus norvegicus,Monoamine oxidase,10116.0,,,IC50,uM,UO_0000065,,8.2,
58.0,,,909463.0,[],CHEMBL731861,In vitro inhibition of Monoamine oxidase at rat hyphalamic mitochondrial PEA by displacing 2.5 uM of [14C]PEA.,B,,,BAO_0000190,BAO_0000224,protein format,C=C=CCN(C)Cc1ccccc1,,,CHEMBL1122244,J Med Chem,1983.0,"{'bei': '39.07', 'le': '0.71', 'lle': '4.31', 'sei': '208.94'}",CHEMBL8695,,CHEMBL8695,6.77,0.0,http://www.openphacts.org/units/Nanomolar,4720.0,=,1.0,1.0,=,,IC50,nM,,170.0,CHEMBL2095196,Rattus norvegicus,Monoamine oxidase,10116.0,,,IC50,uM,UO_0000065,,0.17,
59.0,,,909468.0,[],CHEMBL731860,In vitro inhibition of Monoamine oxidase at rat hyphalamic mitochondrial 5-HT by displacing 2.5 uM of [14C]5-HT.,B,,,BAO_0000190,BAO_0000224,protein format,C=C=C(CN)Cc1ccc(Cl)cc1,,,CHEMBL1122244,J Med Chem,1983.0,"{'bei': '34.00', 'le': '0.69', 'lle': '4.04', 'sei': '25.31'}",CHEMBL8877,,CHEMBL8877,6.58,0.0,http://www.openphacts.org/units/Nanomolar,4734.0,=,1.0,1.0,=,,IC50,nM,,260.0,CHEMBL2095196,Rattus norvegicus,Monoamine oxidase,10116.0,,,IC50,uM,UO_0000065,,0.26,
60.0,,,909469.0,[],CHEMBL731861,In vitro inhibition of Monoamine oxidase at rat hyphalamic mitochondrial PEA by displacing 2.5 uM of [14C]PEA.,B,,,BAO_0000190,BAO_0000224,protein format,C=C=C(CN)Cc1ccc(Cl)cc1,,,CHEMBL1122244,J Med Chem,1983.0,"{'bei': '38.20', 'le': '0.78', 'lle': '4.85', 'sei': '28.43'}",CHEMBL8877,,CHEMBL8877,7.4,0.0,http://www.openphacts.org/units/Nanomolar,4734.0,=,1.0,1.0,=,,IC50,nM,,40.0,CHEMBL2095196,Rattus norvegicus,Monoamine oxidase,10116.0,,,IC50,uM,UO_0000065,,0.04,
61.0,,,909473.0,[],CHEMBL731860,In vitro inhibition of Monoamine oxidase at rat hyphalamic mitochondrial 5-HT by displacing 2.5 uM of [14C]5-HT.,B,,,BAO_0000190,BAO_0000224,protein format,C=C=C(CN)Cc1ccc(OC)cc1,,,CHEMBL1122244,J Med Chem,1983.0,"{'bei': '32.52', 'le': '0.60', 'lle': '4.24', 'sei': '17.46'}",CHEMBL8974,,CHEMBL8974,6.16,0.0,http://www.openphacts.org/units/Nanomolar,4735.0,=,1.0,1.0,=,,IC50,nM,,700.0,CHEMBL2095196,Rattus norvegicus,Monoamine oxidase,10116.0,,,IC50,uM,UO_0000065,,0.7,
62.0,,,909474.0,[],CHEMBL731861,In vitro inhibition of Monoamine oxidase at rat hyphalamic mitochondrial PEA by displacing 2.5 uM of [14C]PEA.,B,,,BAO_0000190,BAO_0000224,protein format,C=C=C(CN)Cc1ccc(OC)cc1,,,CHEMBL1122244,J Med Chem,1983.0,"{'bei': '32.95', 'le': '0.61', 'lle': '4.33', 'sei': '17.69'}",CHEMBL8974,,CHEMBL8974,6.24,0.0,http://www.openphacts.org/units/Nanomolar,4735.0,=,1.0,1.0,=,,IC50,nM,,580.0,CHEMBL2095196,Rattus norvegicus,Monoamine oxidase,10116.0,,,IC50,uM,UO_0000065,,0.58,
63.0,,,913438.0,[],CHEMBL731860,In vitro inhibition of Monoamine oxidase at rat hyphalamic mitochondrial 5-HT by displacing 2.5 uM of [14C]5-HT.,B,,,BAO_0000190,BAO_0000224,protein format,C=C=C(CN)c1ccccc1,,,CHEMBL1122244,J Med Chem,1983.0,"{'bei': '35.42', 'le': '0.64', 'lle': '3.33', 'sei': '19.76'}",CHEMBL8712,,CHEMBL8712,5.14,0.0,http://www.openphacts.org/units/Nanomolar,4732.0,=,1.0,1.0,=,,IC50,nM,,7200.0,CHEMBL2095196,Rattus norvegicus,Monoamine oxidase,10116.0,,,IC50,uM,UO_0000065,,7.2,
64.0,,,913439.0,[],CHEMBL731861,In vitro inhibition of Monoamine oxidase at rat hyphalamic mitochondrial PEA by displacing 2.5 uM of [14C]PEA.,B,,,BAO_0000190,BAO_0000224,protein format,C=C=C(CN)c1ccccc1,,,CHEMBL1122244,J Med Chem,1983.0,"{'bei': '45.59', 'le': '0.82', 'lle': '4.81', 'sei': '25.44'}",CHEMBL8712,,CHEMBL8712,6.62,0.0,http://www.openphacts.org/units/Nanomolar,4732.0,=,1.0,1.0,=,,IC50,nM,,240.0,CHEMBL2095196,Rattus norvegicus,Monoamine oxidase,10116.0,,,IC50,uM,UO_0000065,,0.24,
65.0,,,913444.0,[],CHEMBL731860,In vitro inhibition of Monoamine oxidase at rat hyphalamic mitochondrial 5-HT by displacing 2.5 uM of [14C]5-HT.,B,,,BAO_0000190,BAO_0000224,protein format,CC=C=CCN(C)Cc1ccccc1.O=C(O)C(=O)O,,,CHEMBL1122244,J Med Chem,1983.0,"{'bei': '25.47', 'le': '0.47', 'lle': '1.92', 'sei': '147.21'}",CHEMBL2028089,,CHEMBL276375,4.77,0.0,http://www.openphacts.org/units/Nanomolar,4721.0,=,1.0,1.0,=,,IC50,nM,,17000.0,CHEMBL2095196,Rattus norvegicus,Monoamine oxidase,10116.0,,,IC50,uM,UO_0000065,,17.0,
66.0,,,913445.0,[],CHEMBL731861,In vitro inhibition of Monoamine oxidase at rat hyphalamic mitochondrial PEA by displacing 2.5 uM of [14C]PEA.,B,,,BAO_0000190,BAO_0000224,protein format,CC=C=CCN(C)Cc1ccccc1.O=C(O)C(=O)O,,,CHEMBL1122244,J Med Chem,1983.0,"{'bei': '30.10', 'le': '0.55', 'lle': '2.79', 'sei': '174.02'}",CHEMBL2028089,,CHEMBL276375,5.64,0.0,http://www.openphacts.org/units/Nanomolar,4721.0,=,1.0,1.0,=,,IC50,nM,,2300.0,CHEMBL2095196,Rattus norvegicus,Monoamine oxidase,10116.0,,,IC50,uM,UO_0000065,,2.3,
67.0,,,918571.0,[],CHEMBL731860,In vitro inhibition of Monoamine oxidase at rat hyphalamic mitochondrial 5-HT by displacing 2.5 uM of [14C]5-HT.,B,,,BAO_0000190,BAO_0000224,protein format,C=C=C(Cc1ccccc1)CN(C)C,,,CHEMBL1122244,J Med Chem,1983.0,"{'bei': '24.57', 'le': '0.45', 'lle': '2.10', 'sei': '142.04'}",CHEMBL8956,,CHEMBL8956,4.6,0.0,http://www.openphacts.org/units/Nanomolar,4737.0,=,1.0,1.0,=,,IC50,nM,,25000.0,CHEMBL2095196,Rattus norvegicus,Monoamine oxidase,10116.0,,,IC50,uM,UO_0000065,,25.0,
68.0,,,918572.0,[],CHEMBL731861,In vitro inhibition of Monoamine oxidase at rat hyphalamic mitochondrial PEA by displacing 2.5 uM of [14C]PEA.,B,,,BAO_0000190,BAO_0000224,protein format,C=C=C(Cc1ccccc1)CN(C)C,,,CHEMBL1122244,J Med Chem,1983.0,,CHEMBL8956,,CHEMBL8956,,0.0,http://www.openphacts.org/units/Nanomolar,4737.0,>,1.0,1.0,>,,IC50,nM,,100000.0,CHEMBL2095196,Rattus norvegicus,Monoamine oxidase,10116.0,,,IC50,uM,UO_0000065,,100.0,
69.0,,,919689.0,[],CHEMBL731860,In vitro inhibition of Monoamine oxidase at rat hyphalamic mitochondrial 5-HT by displacing 2.5 uM of [14C]5-HT.,B,,,BAO_0000190,BAO_0000224,protein format,C=C=CCNCc1ccccc1,,,CHEMBL1122244,J Med Chem,1983.0,"{'bei': '36.08', 'le': '0.65', 'lle': '3.62', 'sei': '47.75'}",CHEMBL275108,,CHEMBL275108,5.75,0.0,http://www.openphacts.org/units/Nanomolar,4728.0,=,1.0,1.0,=,,IC50,nM,,1800.0,CHEMBL2095196,Rattus norvegicus,Monoamine oxidase,10116.0,,,IC50,uM,UO_0000065,,1.8,
70.0,,,919690.0,[],CHEMBL731861,In vitro inhibition of Monoamine oxidase at rat hyphalamic mitochondrial PEA by displacing 2.5 uM of [14C]PEA.,B,,,BAO_0000190,BAO_0000224,protein format,C=C=CCNCc1ccccc1,,,CHEMBL1122244,J Med Chem,1983.0,"{'bei': '42.86', 'le': '0.78', 'lle': '4.70', 'sei': '56.72'}",CHEMBL275108,,CHEMBL275108,6.82,0.0,http://www.openphacts.org/units/Nanomolar,4728.0,=,1.0,1.0,=,,IC50,nM,,150.0,CHEMBL2095196,Rattus norvegicus,Monoamine oxidase,10116.0,,,IC50,uM,UO_0000065,,0.15,
71.0,,,919695.0,[],CHEMBL731860,In vitro inhibition of Monoamine oxidase at rat hyphalamic mitochondrial 5-HT by displacing 2.5 uM of [14C]5-HT.,B,,,BAO_0000190,BAO_0000224,protein format,C=C=CC(C)N(C)Cc1ccccc1,,,CHEMBL1122244,J Med Chem,1983.0,"{'bei': '23.31', 'le': '0.43', 'lle': '1.52', 'sei': '134.77'}",CHEMBL9064,,CHEMBL9064,4.37,0.0,http://www.openphacts.org/units/Nanomolar,4723.0,=,1.0,1.0,=,,IC50,nM,,43000.0,CHEMBL2095196,Rattus norvegicus,Monoamine oxidase,10116.0,,,IC50,uM,UO_0000065,,43.0,
72.0,,,919696.0,[],CHEMBL731861,In vitro inhibition of Monoamine oxidase at rat hyphalamic mitochondrial PEA by displacing 2.5 uM of [14C]PEA.,B,,,BAO_0000190,BAO_0000224,protein format,C=C=CC(C)N(C)Cc1ccccc1,,,CHEMBL1122244,J Med Chem,1983.0,,CHEMBL9064,,CHEMBL9064,,0.0,http://www.openphacts.org/units/Nanomolar,4723.0,>,1.0,1.0,>,,IC50,nM,,100000.0,CHEMBL2095196,Rattus norvegicus,Monoamine oxidase,10116.0,,,IC50,uM,UO_0000065,,100.0,
73.0,,,929029.0,[],CHEMBL731860,In vitro inhibition of Monoamine oxidase at rat hyphalamic mitochondrial 5-HT by displacing 2.5 uM of [14C]5-HT.,B,,,BAO_0000190,BAO_0000224,protein format,C=C=CCN(C)C1CCc2ccccc21,,,CHEMBL1122244,J Med Chem,1983.0,"{'bei': '28.82', 'le': '0.52', 'lle': '2.79', 'sei': '177.31'}",CHEMBL8467,,CHEMBL8467,5.75,0.0,http://www.openphacts.org/units/Nanomolar,4725.0,=,1.0,1.0,=,,IC50,nM,,1800.0,CHEMBL2095196,Rattus norvegicus,Monoamine oxidase,10116.0,,,IC50,uM,UO_0000065,,1.8,
74.0,,,929030.0,[],CHEMBL731861,In vitro inhibition of Monoamine oxidase at rat hyphalamic mitochondrial PEA by displacing 2.5 uM of [14C]PEA.,B,,,BAO_0000190,BAO_0000224,protein format,C=C=CCN(C)C1CCc2ccccc21,,,CHEMBL1122244,J Med Chem,1983.0,"{'bei': '32.33', 'le': '0.59', 'lle': '3.49', 'sei': '198.88'}",CHEMBL8467,,CHEMBL8467,6.44,0.0,http://www.openphacts.org/units/Nanomolar,4725.0,=,1.0,1.0,=,,IC50,nM,,360.0,CHEMBL2095196,Rattus norvegicus,Monoamine oxidase,10116.0,,,IC50,uM,UO_0000065,,0.36,
75.0,,,930288.0,[],CHEMBL731860,In vitro inhibition of Monoamine oxidase at rat hyphalamic mitochondrial 5-HT by displacing 2.5 uM of [14C]5-HT.,B,,,BAO_0000190,BAO_0000224,protein format,C=C=C(CN)Cc1ccc(C)cc1,,,CHEMBL1122244,J Med Chem,1983.0,"{'bei': '34.39', 'le': '0.63', 'lle': '3.75', 'sei': '22.90'}",CHEMBL268167,,CHEMBL268167,5.96,0.0,http://www.openphacts.org/units/Nanomolar,4736.0,=,1.0,1.0,=,,IC50,nM,,1100.0,CHEMBL2095196,Rattus norvegicus,Monoamine oxidase,10116.0,,,IC50,uM,UO_0000065,,1.1,
76.0,,,930289.0,[],CHEMBL731861,In vitro inhibition of Monoamine oxidase at rat hyphalamic mitochondrial PEA by displacing 2.5 uM of [14C]PEA.,B,,,BAO_0000190,BAO_0000224,protein format,C=C=C(CN)Cc1ccc(C)cc1,,,CHEMBL1122244,J Med Chem,1983.0,"{'bei': '37.19', 'le': '0.68', 'lle': '4.23', 'sei': '24.76'}",CHEMBL268167,,CHEMBL268167,6.44,0.0,http://www.openphacts.org/units/Nanomolar,4736.0,=,1.0,1.0,=,,IC50,nM,,360.0,CHEMBL2095196,Rattus norvegicus,Monoamine oxidase,10116.0,,,IC50,uM,UO_0000065,,0.36,
77.0,,,930294.0,[],CHEMBL731860,In vitro inhibition of Monoamine oxidase at rat hyphalamic mitochondrial 5-HT by displacing 2.5 uM of [14C]5-HT.,B,,,BAO_0000190,BAO_0000224,protein format,C=C=CCN(C)C(C)Cc1ccccc1,,,CHEMBL1122244,J Med Chem,1983.0,"{'bei': '30.29', 'le': '0.56', 'lle': '3.21', 'sei': '188.18'}",CHEMBL269593,,CHEMBL269593,6.1,0.0,http://www.openphacts.org/units/Nanomolar,4727.0,=,1.0,1.0,=,,IC50,nM,,800.0,CHEMBL2095196,Rattus norvegicus,Monoamine oxidase,10116.0,,,IC50,uM,UO_0000065,,0.8,
78.0,,,930295.0,[],CHEMBL731861,In vitro inhibition of Monoamine oxidase at rat hyphalamic mitochondrial PEA by displacing 2.5 uM of [14C]PEA.,B,,,BAO_0000190,BAO_0000224,protein format,C=C=CCN(C)C(C)Cc1ccccc1,,,CHEMBL1122244,J Med Chem,1983.0,"{'bei': '26.47', 'le': '0.49', 'lle': '2.44', 'sei': '164.44'}",CHEMBL269593,,CHEMBL269593,5.33,0.0,http://www.openphacts.org/units/Nanomolar,4727.0,=,1.0,1.0,=,,IC50,nM,,4700.0,CHEMBL2095196,Rattus norvegicus,Monoamine oxidase,10116.0,,,IC50,uM,UO_0000065,,4.7,
79.0,,,930300.0,[],CHEMBL731860,In vitro inhibition of Monoamine oxidase at rat hyphalamic mitochondrial 5-HT by displacing 2.5 uM of [14C]5-HT.,B,,,BAO_0000190,BAO_0000224,protein format,C=C=CCN(C)CCCOc1ccc(Cl)cc1Cl,,,CHEMBL1122244,J Med Chem,1983.0,"{'bei': '29.34', 'le': '0.64', 'lle': '4.36', 'sei': '67.35'}",CHEMBL441014,,CHEMBL441014,8.4,0.0,http://www.openphacts.org/units/Nanomolar,4726.0,=,1.0,1.0,=,,IC50,nM,,4.0,CHEMBL2095196,Rattus norvegicus,Monoamine oxidase,10116.0,,,IC50,uM,UO_0000065,,0.004,
80.0,,,930301.0,[],CHEMBL731861,In vitro inhibition of Monoamine oxidase at rat hyphalamic mitochondrial PEA by displacing 2.5 uM of [14C]PEA.,B,,,BAO_0000190,BAO_0000224,protein format,C=C=CCN(C)CCCOc1ccc(Cl)cc1Cl,,,CHEMBL1122244,J Med Chem,1983.0,"{'bei': '18.65', 'le': '0.40', 'lle': '1.30', 'sei': '42.80'}",CHEMBL441014,,CHEMBL441014,5.34,0.0,http://www.openphacts.org/units/Nanomolar,4726.0,=,1.0,1.0,=,,IC50,nM,,4600.0,CHEMBL2095196,Rattus norvegicus,Monoamine oxidase,10116.0,,,IC50,uM,UO_0000065,,4.6,
81.0,,,931579.0,[],CHEMBL731860,In vitro inhibition of Monoamine oxidase at rat hyphalamic mitochondrial 5-HT by displacing 2.5 uM of [14C]5-HT.,B,,,BAO_0000190,BAO_0000224,protein format,CC=C=CCN(C)Cc1ccccc1,,,CHEMBL1122244,J Med Chem,1983.0,"{'bei': '24.23', 'le': '0.44', 'lle': '1.69', 'sei': '140.05'}",CHEMBL276375,,CHEMBL276375,4.54,0.0,http://www.openphacts.org/units/Nanomolar,4738.0,=,1.0,1.0,=,,IC50,nM,,29000.0,CHEMBL2095196,Rattus norvegicus,Monoamine oxidase,10116.0,,,IC50,uM,UO_0000065,,29.0,
82.0,,,931580.0,[],CHEMBL731861,In vitro inhibition of Monoamine oxidase at rat hyphalamic mitochondrial PEA by displacing 2.5 uM of [14C]PEA.,B,,,BAO_0000190,BAO_0000224,protein format,CC=C=CCN(C)Cc1ccccc1,,,CHEMBL1122244,J Med Chem,1983.0,"{'bei': '25.76', 'le': '0.47', 'lle': '1.97', 'sei': '148.89'}",CHEMBL276375,,CHEMBL276375,4.82,0.0,http://www.openphacts.org/units/Nanomolar,4738.0,=,1.0,1.0,=,,IC50,nM,,15000.0,CHEMBL2095196,Rattus norvegicus,Monoamine oxidase,10116.0,,,IC50,uM,UO_0000065,,15.0,
83.0,,,933027.0,[],CHEMBL731860,In vitro inhibition of Monoamine oxidase at rat hyphalamic mitochondrial 5-HT by displacing 2.5 uM of [14C]5-HT.,B,,,BAO_0000190,BAO_0000224,protein format,C=C=C(CNC)Cc1ccccc1,,,CHEMBL1122244,J Med Chem,1983.0,"{'bei': '30.06', 'le': '0.55', 'lle': '3.05', 'sei': '43.29'}",CHEMBL9068,,CHEMBL9068,5.21,0.0,http://www.openphacts.org/units/Nanomolar,4729.0,=,1.0,1.0,=,,IC50,nM,,6200.0,CHEMBL2095196,Rattus norvegicus,Monoamine oxidase,10116.0,,,IC50,uM,UO_0000065,,6.2,
84.0,,,933028.0,[],CHEMBL731861,In vitro inhibition of Monoamine oxidase at rat hyphalamic mitochondrial PEA by displacing 2.5 uM of [14C]PEA.,B,,,BAO_0000190,BAO_0000224,protein format,C=C=C(CNC)Cc1ccccc1,,,CHEMBL1122244,J Med Chem,1983.0,"{'bei': '36.69', 'le': '0.67', 'lle': '4.20', 'sei': '52.84'}",CHEMBL9068,,CHEMBL9068,6.36,0.0,http://www.openphacts.org/units/Nanomolar,4729.0,=,1.0,1.0,=,,IC50,nM,,440.0,CHEMBL2095196,Rattus norvegicus,Monoamine oxidase,10116.0,,,IC50,uM,UO_0000065,,0.44,
85.0,,,933033.0,[],CHEMBL731860,In vitro inhibition of Monoamine oxidase at rat hyphalamic mitochondrial 5-HT by displacing 2.5 uM of [14C]5-HT.,B,,,BAO_0000190,BAO_0000224,protein format,C#CCN(C)[C@H](C)Cc1ccccc1,,,CHEMBL1122244,J Med Chem,1983.0,"{'bei': '33.03', 'le': '0.60', 'lle': '4.01', 'sei': '190.96'}",CHEMBL972,SELEGILINE,CHEMBL972,6.19,0.0,http://www.openphacts.org/units/Nanomolar,4722.0,=,1.0,1.0,=,,IC50,nM,,650.0,CHEMBL2095196,Rattus norvegicus,Monoamine oxidase,10116.0,,,IC50,uM,UO_0000065,,0.65,
86.0,,,933034.0,[],CHEMBL731861,In vitro inhibition of Monoamine oxidase at rat hyphalamic mitochondrial PEA by displacing 2.5 uM of [14C]PEA.,B,,,BAO_0000190,BAO_0000224,protein format,C#CCN(C)[C@H](C)Cc1ccccc1,,,CHEMBL1122244,J Med Chem,1983.0,"{'bei': '42.11', 'le': '0.77', 'lle': '5.71', 'sei': '243.40'}",CHEMBL972,SELEGILINE,CHEMBL972,7.89,0.0,http://www.openphacts.org/units/Nanomolar,4722.0,=,1.0,1.0,=,,IC50,nM,,13.0,CHEMBL2095196,Rattus norvegicus,Monoamine oxidase,10116.0,,,IC50,uM,UO_0000065,,0.013,
87.0,,,933040.0,[],CHEMBL731860,In vitro inhibition of Monoamine oxidase at rat hyphalamic mitochondrial 5-HT by displacing 2.5 uM of [14C]5-HT.,B,,,BAO_0000190,BAO_0000224,protein format,CC=C=CCN(C)Cc1ccccc1.O=C(O)C(=O)O,,,CHEMBL1122244,J Med Chem,1983.0,"{'bei': '22.92', 'le': '0.42', 'lle': '1.44', 'sei': '132.48'}",CHEMBL2028089,,CHEMBL276375,4.29,0.0,http://www.openphacts.org/units/Nanomolar,4731.0,=,1.0,1.0,=,,IC50,nM,,51000.0,CHEMBL2095196,Rattus norvegicus,Monoamine oxidase,10116.0,,,IC50,uM,UO_0000065,,51.0,
88.0,,,933041.0,[],CHEMBL731861,In vitro inhibition of Monoamine oxidase at rat hyphalamic mitochondrial PEA by displacing 2.5 uM of [14C]PEA.,B,,,BAO_0000190,BAO_0000224,protein format,CC=C=CCN(C)Cc1ccccc1.O=C(O)C(=O)O,,,CHEMBL1122244,J Med Chem,1983.0,"{'bei': '22.96', 'le': '0.42', 'lle': '1.45', 'sei': '132.75'}",CHEMBL2028089,,CHEMBL276375,4.3,0.0,http://www.openphacts.org/units/Nanomolar,4731.0,=,1.0,1.0,=,,IC50,nM,,50000.0,CHEMBL2095196,Rattus norvegicus,Monoamine oxidase,10116.0,,,IC50,uM,UO_0000065,,50.0,
89.0,,,6170457.0,[],CHEMBL1769941,Inhibition of rat liver MAO-A/MAO-B after 30 mins by coupled colorimetric method,B,,,BAO_0000190,BAO_0000019,assay format,NNC[C@H](O)c1ccccc1,,,CHEMBL1765009,J Med Chem,2011.0,"{'bei': '32.88', 'le': '0.62', 'lle': '4.82', 'sei': '8.59'}",CHEMBL1766380,,CHEMBL1766380,5.0,0.0,http://www.openphacts.org/units/Nanomolar,1417218.0,=,1.0,1.0,=,,IC50,nM,,9900.0,CHEMBL2095196,Rattus norvegicus,Monoamine oxidase,10116.0,,,IC50,uM,UO_0000065,,9.9,
90.0,,,6170458.0,[],CHEMBL1769941,Inhibition of rat liver MAO-A/MAO-B after 30 mins by coupled colorimetric method,B,,,BAO_0000190,BAO_0000019,assay format,NNC[C@@H](O)c1ccccc1,,,CHEMBL1765009,J Med Chem,2011.0,"{'bei': '32.91', 'le': '0.62', 'lle': '4.83', 'sei': '8.59'}",CHEMBL1766381,,CHEMBL1766381,5.01,0.0,http://www.openphacts.org/units/Nanomolar,1417219.0,=,1.0,1.0,=,,IC50,nM,,9800.0,CHEMBL2095196,Rattus norvegicus,Monoamine oxidase,10116.0,,,IC50,uM,UO_0000065,,9.8,
91.0,,,6170459.0,[],CHEMBL1769941,Inhibition of rat liver MAO-A/MAO-B after 30 mins by coupled colorimetric method,B,,,BAO_0000190,BAO_0000019,assay format,NN[C@@H](c1ccccc1)[C@H](O)c1ccccc1,,,CHEMBL1765009,J Med Chem,2011.0,"{'bei': '19.57', 'le': '0.36', 'lle': '2.55', 'sei': '7.67'}",CHEMBL1766382,,CHEMBL1766382,4.47,0.0,http://www.openphacts.org/units/Nanomolar,1417220.0,=,1.0,1.0,=,,IC50,nM,,34000.0,CHEMBL2095196,Rattus norvegicus,Monoamine oxidase,10116.0,,,IC50,uM,UO_0000065,,34.0,
92.0,,,6170460.0,[],CHEMBL1769941,Inhibition of rat liver MAO-A/MAO-B after 30 mins by coupled colorimetric method,B,,,BAO_0000190,BAO_0000019,assay format,CCCC(NN)C(O)c1ccccc1,,,CHEMBL1765009,J Med Chem,2011.0,"{'bei': '25.52', 'le': '0.48', 'lle': '3.61', 'sei': '8.51'}",CHEMBL1766383,,CHEMBL1766383,4.96,0.0,http://www.openphacts.org/units/Nanomolar,1417221.0,=,1.0,1.0,=,,IC50,nM,,11000.0,CHEMBL2095196,Rattus norvegicus,Monoamine oxidase,10116.0,,,IC50,uM,UO_0000065,,11.0,
93.0,,,6170461.0,[],CHEMBL1769941,Inhibition of rat liver MAO-A/MAO-B after 30 mins by coupled colorimetric method,B,,,BAO_0000190,BAO_0000019,assay format,CN(N)[C@@H](c1ccccc1)[C@H](O)c1ccccc1,,,CHEMBL1765009,J Med Chem,2011.0,"{'bei': '17.15', 'le': '0.32', 'lle': '1.88', 'sei': '8.40'}",CHEMBL1766384,,CHEMBL1766384,4.16,0.0,http://www.openphacts.org/units/Nanomolar,1417222.0,=,1.0,1.0,=,,IC50,nM,,70000.0,CHEMBL2095196,Rattus norvegicus,Monoamine oxidase,10116.0,,,IC50,uM,UO_0000065,,70.0,
94.0,,,6170462.0,[],CHEMBL1769941,Inhibition of rat liver MAO-A/MAO-B after 30 mins by coupled colorimetric method,B,,,BAO_0000190,BAO_0000019,assay format,CN(N)[C@@H](c1ccccc1)[C@@H](O)c1ccccc1,,,CHEMBL1765009,J Med Chem,2011.0,"{'bei': '16.80', 'le': '0.31', 'lle': '1.80', 'sei': '8.23'}",CHEMBL1766385,,CHEMBL1766385,4.07,0.0,http://www.openphacts.org/units/Nanomolar,1417223.0,=,1.0,1.0,=,,IC50,nM,,85000.0,CHEMBL2095196,Rattus norvegicus,Monoamine oxidase,10116.0,,,IC50,uM,UO_0000065,,85.0,
95.0,,,6170463.0,[],CHEMBL1769941,Inhibition of rat liver MAO-A/MAO-B after 30 mins by coupled colorimetric method,B,,,BAO_0000190,BAO_0000019,assay format,CN(N)[C@H](c1ccccc1)[C@H](O)c1ccccc1,,,CHEMBL1765009,J Med Chem,2011.0,"{'bei': '16.53', 'le': '0.30', 'lle': '1.73', 'sei': '8.09'}",CHEMBL1766386,,CHEMBL1766386,4.0,0.0,http://www.openphacts.org/units/Nanomolar,1417224.0,=,1.0,1.0,=,,IC50,nM,,99000.0,CHEMBL2095196,Rattus norvegicus,Monoamine oxidase,10116.0,,,IC50,uM,UO_0000065,,99.0,
96.0,,,6170464.0,[],CHEMBL1769941,Inhibition of rat liver MAO-A/MAO-B after 30 mins by coupled colorimetric method,B,,,BAO_0000190,BAO_0000019,assay format,CN(N)[C@H](c1ccccc1)[C@@H](O)c1ccccc1,Outside typical range,"Values for this activity type are unusually large/small, so may not be accurate",CHEMBL1765009,J Med Chem,2011.0,,CHEMBL1766387,,CHEMBL1766387,,0.0,http://www.openphacts.org/units/Nanomolar,1417225.0,=,1.0,1.0,=,,IC50,nM,,105000.0,CHEMBL2095196,Rattus norvegicus,Monoamine oxidase,10116.0,,,IC50,uM,UO_0000065,,105.0,
,,,,,,,,,,,,,CC(N)Cc1ccc2c(c1Cl)CCN2,,,,,,,CHEMBL31059,,,,,,,,,,,,,,,200.0,,,,,,,,,,,,active
,,,,,,,,,,,,,CC(C)(N)Cc1ccc2c(c1)CCN2,,,,,,,CHEMBL280749,,,,,,,,,,,,,,,2800.0,,,,,,,,,,,,intermediate
,,,,,,,,,,,,,CC(N)Cc1ccc2c(c1)CCN2,,,,,,,CHEMBL32958,,,,,,,,,,,,,,,5000.0,,,,,,,,,,,,intermediate
,,,,,,,,,,,,,Cc1cc2c(cc1CC(C)N)CCN2,,,,,,,CHEMBL31081,,,,,,,,,,,,,,,13000.0,,,,,,,,,,,,inactive
,,,,,,,,,,,,,CCN1CCc2c1ccc(CC(C)N)c2C,,,,,,,CHEMBL30275,,,,,,,,,,,,,,,1100.0,,,,,,,,,,,,intermediate
,,,,,,,,,,,,,Cc1cc(N(C)C)ccc1CC(C)N,,,,,,,CHEMBL30344,,,,,,,,,,,,,,,800.0,,,,,,,,,,,,active
,,,,,,,,,,,,,CCC(N)Cc1ccc2c(c1Cl)CCN2,,,,,,,CHEMBL280619,,,,,,,,,,,,,,,630.0,,,,,,,,,,,,active
,,,,,,,,,,,,,CCN1CCc2cc(CC(C)N)c(C)cc21,,,,,,,CHEMBL412308,,,,,,,,,,,,,,,330.0,,,,,,,,,,,,active
,,,,,,,,,,,,,CCC(N)Cc1ccc2c(c1)CCN2,,,,,,,CHEMBL31171,,,,,,,,,,,,,,,14000.0,,,,,,,,,,,,inactive
,,,,,,,,,,,,,Cc1c(CC(C)N)ccc2c1CCN2,,,,,,,CHEMBL447828,,,,,,,,,,,,,,,800.0,,,,,,,,,,,,active
,,,,,,,,,,,,,C#CCN(C)C(C)C.Cl,,,,,,,CHEMBL543649,,,,,,,,,,,,,,,28000.0,,,,,,,,,,,,inactive
,,,,,,,,,,,,,C#CCN(C)C(C)CC.Cl.O=C(O)C(=O)O,,,,,,,CHEMBL545755,,,,,,,,,,,,,,,490.0,,,,,,,,,,,,active
,,,,,,,,,,,,,C#CCN(C)C(C)CCC.Cl.O=C(O)C(=O)O,,,,,,,CHEMBL545754,,,,,,,,,,,,,,,5600.0,,,,,,,,,,,,intermediate
,,,,,,,,,,,,,C#CCN(C)C(C)CCCCC.Cl,,,,,,,CHEMBL541325,,,,,,,,,,,,,,,320.0,,,,,,,,,,,,active
,,,,,,,,,,,,,C#CCN(C)C(C)CCCCCCCCCC.Cl,,,,,,,CHEMBL542465,,,,,,,,,,,,,,,280.0,,,,,,,,,,,,active
,,,,,,,,,,,,,C#CCN(C)[C@H](C)Cc1ccccc1,,,,,,,CHEMBL972,,,,,,,,,,,,,,,280.0,,,,,,,,,,,,active
,,,,,,,,,,,,,C#CCN(C)C(C)CCCCCCCC.Cl,,,,,,,CHEMBL542711,,,,,,,,,,,,,,,210.0,,,,,,,,,,,,active
,,,,,,,,,,,,,Cl.NCC(=C(Br)Br)c1ccccc1,,,,,,,CHEMBL544506,,,,,,,,,,,,,,,500000.0,,,,,,,,,,,,inactive
,,,,,,,,,,,,,Cl.NC/C(=C/F)c1cccc(C(F)(F)F)c1,,,,,,,CHEMBL544509,,,,,,,,,,,,,,,7.0,,,,,,,,,,,,active
,,,,,,,,,,,,,Cl.NC/C(=C/F)c1ccc(O)c(O)c1,,,,,,,CHEMBL553995,,,,,,,,,,,,,,,100.0,,,,,,,,,,,,active
,,,,,,,,,,,,,Cl.NC/C(=C/Br)c1ccccc1,,,,,,,CHEMBL555774,,,,,,,,,,,,,,,40000.0,,,,,,,,,,,,inactive
,,,,,,,,,,,,,COc1ccc(/C(=C\F)CN)cc1.Cl,,,,,,,CHEMBL543328,,,,,,,,,,,,,,,60.0,,,,,,,,,,,,active
,,,,,,,,,,,,,Cl.NC/C(=C/Cl)c1ccccc1,,,,,,,CHEMBL544507,,,,,,,,,,,,,,,100000.0,,,,,,,,,,,,inactive
,,,,,,,,,,,,,Cl.NC/C(=C/F)c1ccc(Cl)cc1,,,,,,,CHEMBL541803,,,,,,,,,,,,,,,20.0,,,,,,,,,,,,active
,,,,,,,,,,,,,Cl.NC/C(=C/F)c1cccc(O)c1,,,,,,,CHEMBL538992,,,,,,,,,,,,,,,50.0,,,,,,,,,,,,active
,,,,,,,,,,,,,Cl.NC/C(=C\Cl)c1ccccc1,,,,,,,CHEMBL544742,,,,,,,,,,,,,,,500000.0,,,,,,,,,,,,inactive
,,,,,,,,,,,,,COc1ccccc1/C(=C\F)CN.Cl,,,,,,,CHEMBL538744,,,,,,,,,,,,,,,2500.0,,,,,,,,,,,,intermediate
,,,,,,,,,,,,,C=C(CN)c1ccccc1.Cl,,,,,,,CHEMBL544745,,,,,,,,,,,,,,,400000.0,,,,,,,,,,,,inactive
,,,,,,,,,,,,,Cc1ccc(/C(=C\F)CN)cc1.Cl,,,,,,,CHEMBL555332,,,,,,,,,,,,,,,10.0,,,,,,,,,,,,active
,,,,,,,,,,,,,Cl.NC/C(=C\F)c1ccccc1,,,,,,,CHEMBL545677,,,,,,,,,,,,,,,150.0,,,,,,,,,,,,active
,,,,,,,,,,,,,COc1ccc(/C(=C\F)CN)cc1OC.Cl,,,,,,,CHEMBL535873,,,,,,,,,,,,,,,2500.0,,,,,,,,,,,,intermediate
,,,,,,,,,,,,,COc1cccc(/C(=C\F)CN)c1.Cl,,,,,,,CHEMBL554775,,,,,,,,,,,,,,,5.0,,,,,,,,,,,,active
,,,,,,,,,,,,,Cl.NCC(=C(F)F)c1ccccc1,,,,,,,CHEMBL544271,,,,,,,,,,,,,,,10000.0,,,,,,,,,,,,inactive
,,,,,,,,,,,,,C=CCN,,,,,,,CHEMBL57286,,,,,,,,,,,,,,,500000.0,,,,,,,,,,,,inactive
,,,,,,,,,,,,,C#CCN(C)CCCOc1ccc(Cl)cc1Cl.Cl,,,,,,,CHEMBL539507,,,,,,,,,,,,,,,50000.0,,,,,,,,,,,,inactive
,,,,,,,,,,,,,Cl.NC/C(=C/F)c1ccccc1,,,,,,,CHEMBL545207,,,,,,,,,,,,,,,18.0,,,,,,,,,,,,active
,,,,,,,,,,,,,C=C=C(CN)Cc1ccccc1,,,,,,,CHEMBL8848,,,,,,,,,,,,,,,20000.0,,,,,,,,,,,,inactive
,,,,,,,,,,,,,C=C=CCN1CCc2ccccc2C1,,,,,,,CHEMBL8534,,,,,,,,,,,,,,,7000.0,,,,,,,,,,,,intermediate
,,,,,,,,,,,,,C#CCN(C)CCCOc1ccc(Cl)cc1Cl,,,,,,,CHEMBL8706,,,,,,,,,,,,,,,0.7,,,,,,,,,,,,active
,,,,,,,,,,,,,C=C=CCN(C)Cc1ccccc1,,,,,,,CHEMBL8695,,,,,,,,,,,,,,,8200.0,,,,,,,,,,,,intermediate
,,,,,,,,,,,,,C=C=C(CN)Cc1ccc(Cl)cc1,,,,,,,CHEMBL8877,,,,,,,,,,,,,,,260.0,,,,,,,,,,,,active
,,,,,,,,,,,,,C=C=C(CN)Cc1ccc(OC)cc1,,,,,,,CHEMBL8974,,,,,,,,,,,,,,,700.0,,,,,,,,,,,,active
,,,,,,,,,,,,,C=C=C(CN)c1ccccc1,,,,,,,CHEMBL8712,,,,,,,,,,,,,,,7200.0,,,,,,,,,,,,intermediate
,,,,,,,,,,,,,CC=C=CCN(C)Cc1ccccc1.O=C(O)C(=O)O,,,,,,,CHEMBL2028089,,,,,,,,,,,,,,,17000.0,,,,,,,,,,,,inactive
,,,,,,,,,,,,,C=C=C(Cc1ccccc1)CN(C)C,,,,,,,CHEMBL8956,,,,,,,,,,,,,,,25000.0,,,,,,,,,,,,inactive
,,,,,,,,,,,,,C=C=CCNCc1ccccc1,,,,,,,CHEMBL275108,,,,,,,,,,,,,,,1800.0,,,,,,,,,,,,intermediate
,,,,,,,,,,,,,C=C=CC(C)N(C)Cc1ccccc1,,,,,,,CHEMBL9064,,,,,,,,,,,,,,,43000.0,,,,,,,,,,,,inactive
,,,,,,,,,,,,,C=C=CCN(C)C1CCc2ccccc21,,,,,,,CHEMBL8467,,,,,,,,,,,,,,,1800.0,,,,,,,,,,,,intermediate
,,,,,,,,,,,,,C=C=C(CN)Cc1ccc(C)cc1,,,,,,,CHEMBL268167,,,,,,,,,,,,,,,1100.0,,,,,,,,,,,,intermediate
,,,,,,,,,,,,,C=C=CCN(C)C(C)Cc1ccccc1,,,,,,,CHEMBL269593,,,,,,,,,,,,,,,800.0,,,,,,,,,,,,active
,,,,,,,,,,,,,C=C=CCN(C)CCCOc1ccc(Cl)cc1Cl,,,,,,,CHEMBL441014,,,,,,,,,,,,,,,4.0,,,,,,,,,,,,active
,,,,,,,,,,,,,CC=C=CCN(C)Cc1ccccc1,,,,,,,CHEMBL276375,,,,,,,,,,,,,,,29000.0,,,,,,,,,,,,inactive
,,,,,,,,,,,,,C=C=C(CNC)Cc1ccccc1,,,,,,,CHEMBL9068,,,,,,,,,,,,,,,6200.0,,,,,,,,,,,,intermediate
,,,,,,,,,,,,,NNC[C@H](O)c1ccccc1,,,,,,,CHEMBL1766380,,,,,,,,,,,,,,,9900.0,,,,,,,,,,,,intermediate
,,,,,,,,,,,,,NNC[C@@H](O)c1ccccc1,,,,,,,CHEMBL1766381,,,,,,,,,,,,,,,9800.0,,,,,,,,,,,,intermediate
,,,,,,,,,,,,,NN[C@@H](c1ccccc1)[C@H](O)c1ccccc1,,,,,,,CHEMBL1766382,,,,,,,,,,,,,,,34000.0,,,,,,,,,,,,inactive
,,,,,,,,,,,,,CCCC(NN)C(O)c1ccccc1,,,,,,,CHEMBL1766383,,,,,,,,,,,,,,,11000.0,,,,,,,,,,,,inactive
,,,,,,,,,,,,,CN(N)[C@@H](c1ccccc1)[C@H](O)c1ccccc1,,,,,,,CHEMBL1766384,,,,,,,,,,,,,,,70000.0,,,,,,,,,,,,inactive
,,,,,,,,,,,,,CN(N)[C@@H](c1ccccc1)[C@@H](O)c1ccccc1,,,,,,,CHEMBL1766385,,,,,,,,,,,,,,,85000.0,,,,,,,,,,,,inactive
,,,,,,,,,,,,,CN(N)[C@H](c1ccccc1)[C@H](O)c1ccccc1,,,,,,,CHEMBL1766386,,,,,,,,,,,,,,,99000.0,,,,,,,,,,,,inactive
,,,,,,,,,,,,,CN(N)[C@H](c1ccccc1)[C@@H](O)c1ccccc1,,,,,,,CHEMBL1766387,,,,,,,,,,,,,,,105000.0,,,,,,,,,,,,inactive
